Day_Mins,Day_Charge,CustServ_Calls,Class
265.1,45.07,1,negative
161.6,27.47,1,negative
243.4,41.38,0,negative
299.4,50.9,2,negative
166.7,28.34,3,negative
223.4,37.98,0,negative
218.2,37.09,3,negative
157,26.69,0,negative
184.5,31.37,1,negative
258.6,43.96,0,negative
129.1,21.95,4,positive
187.7,31.91,0,negative
128.8,21.9,1,negative
156.6,26.62,3,negative
120.7,20.52,4,negative
332.9,56.59,4,positive
196.4,33.39,1,negative
190.7,32.42,3,negative
189.7,32.25,1,negative
224.4,38.15,1,negative
155.1,26.37,0,negative
62.4,10.61,5,positive
183,31.11,0,negative
110.4,18.77,2,negative
81.1,13.79,0,negative
124.3,21.13,3,negative
213,36.21,0,negative
134.3,22.83,3,negative
190,32.3,0,negative
119.3,20.28,1,negative
84.8,14.42,2,negative
226.1,38.44,1,negative
212,36.04,3,negative
249.6,42.43,1,positive
176.8,30.06,0,negative
220,37.4,3,negative
146.3,24.87,0,negative
130.8,22.24,1,negative
203.9,34.66,3,negative
140.4,23.87,1,negative
126.3,21.47,3,negative
173.1,29.43,0,positive
124.8,21.22,2,negative
85.8,14.59,3,negative
154,26.18,1,negative
120.9,20.55,2,negative
211.3,35.92,3,negative
187,31.79,2,negative
159.1,27.05,5,positive
133.2,22.64,1,negative
191.9,32.62,3,negative
220.6,37.5,1,negative
186.1,31.64,2,negative
160.2,27.23,2,negative
151,25.67,5,positive
175.5,29.84,1,negative
126.9,21.57,1,negative
198.4,33.73,3,positive
148.8,25.3,3,negative
229.3,38.98,1,negative
192.1,32.66,1,negative
268.6,45.66,2,negative
193.7,32.93,2,negative
180.7,30.72,3,negative
131.2,22.3,2,negative
148.1,25.18,2,negative
251.5,42.76,0,negative
125.2,21.28,0,negative
211.6,35.97,1,negative
178.9,30.41,4,positive
241.8,41.11,3,negative
224.9,38.23,0,negative
248.6,42.26,3,negative
203.4,34.58,1,negative
235.8,40.09,0,negative
157.1,26.71,1,negative
300.3,51.05,0,positive
61.6,10.47,4,positive
214.1,36.4,2,negative
170.2,28.93,1,negative
201.1,34.19,1,negative
215.4,36.62,3,negative
165.6,28.15,3,negative
249.5,42.42,1,negative
210.6,35.8,2,positive
179.3,30.48,0,negative
157.9,26.84,4,positive
214.3,36.43,1,negative
154.1,26.2,2,negative
237.9,40.44,1,positive
143.9,24.46,1,negative
203.4,34.58,0,positive
124.3,21.13,1,negative
252.9,42.99,3,negative
179.1,30.45,3,negative
278.4,47.33,1,negative
160.1,27.22,0,negative
198.2,33.69,4,negative
212.1,36.06,1,positive
251.8,42.81,2,positive
161.2,27.4,4,negative
178.3,30.31,0,negative
151.7,25.79,0,negative
135,22.95,1,negative
170.5,28.99,1,negative
238.1,40.48,4,negative
281.4,47.84,2,negative
117.9,20.04,1,negative
148.6,25.26,1,negative
229.8,39.07,3,negative
165,28.05,1,negative
185,31.45,2,negative
161,27.37,4,negative
126.7,21.54,1,negative
58.9,10.01,1,negative
196.8,33.46,0,positive
162.6,27.64,1,negative
282.5,48.03,1,positive
113.7,19.33,2,negative
239.8,40.77,2,negative
210.2,35.73,1,negative
213.8,36.35,0,negative
190.7,32.42,3,negative
170.9,29.05,1,negative
154.2,26.21,2,negative
201.4,34.24,1,negative
70.7,12.02,4,positive
187.5,31.88,4,positive
91.7,15.59,2,negative
214.2,36.41,3,negative
145.5,24.74,3,negative
166.3,28.27,1,negative
231,39.27,1,negative
200.3,34.05,4,negative
197,33.49,1,negative
129.9,22.08,3,negative
175.8,29.89,5,negative
203.1,34.53,3,negative
183.2,31.14,1,negative
205,34.85,2,negative
148.5,25.25,1,negative
200.3,34.05,0,negative
192.6,32.74,3,negative
246.5,41.91,1,negative
167.1,28.41,2,positive
231.9,39.42,3,negative
146.7,24.94,1,negative
271.5,46.16,1,negative
181.5,30.86,1,negative
257.7,43.81,2,negative
193.8,32.95,1,negative
102.8,17.48,1,negative
187.9,31.94,1,negative
226,38.42,1,negative
260.4,44.27,5,negative
178.7,30.38,0,negative
337.4,57.36,0,positive
157.6,26.79,0,negative
183.6,31.21,1,negative
142.1,24.16,1,negative
136.3,23.17,0,negative
217.1,36.91,0,negative
187.5,31.88,3,negative
98.9,16.81,1,negative
206.3,35.07,1,negative
243.1,41.33,2,negative
189.8,32.27,1,negative
202,34.34,1,negative
170.1,28.92,1,negative
230.9,39.25,0,negative
237.1,40.31,1,negative
182.1,30.96,2,negative
119.3,20.28,3,negative
116.8,19.86,1,negative
219.2,37.26,0,negative
252.6,42.94,2,negative
147.1,25.01,0,negative
202.1,34.36,2,negative
173.5,29.5,3,negative
232.1,39.46,3,negative
197.1,33.51,4,negative
58.2,9.89,5,positive
115.6,19.65,2,negative
186.1,31.64,2,negative
259.9,44.18,3,negative
214.3,36.43,1,negative
158.7,26.98,1,negative
271.6,46.17,2,negative
160.6,27.3,1,negative
232.4,39.51,1,negative
133.8,22.75,0,negative
176.9,30.07,1,negative
209.9,35.68,2,negative
137.5,23.38,0,negative
289.5,49.22,1,negative
198.1,33.68,1,negative
149.7,25.45,0,negative
326.5,55.51,2,positive
292.9,49.79,4,positive
83,14.11,0,negative
145.7,24.77,3,negative
182.3,30.99,2,negative
218,37.06,3,negative
140.6,23.9,2,negative
152.7,25.96,1,negative
106.7,18.14,1,negative
243.8,41.45,2,negative
194.4,33.05,3,negative
213.9,36.36,3,negative
217.2,36.92,3,negative
241.1,40.99,1,negative
203.5,34.6,0,negative
155.2,26.38,1,negative
167.6,28.49,1,negative
226.7,38.54,2,positive
179.3,30.48,3,negative
151.4,25.74,0,negative
180,30.6,3,negative
250.2,42.53,1,positive
223,37.91,0,negative
183.6,31.21,3,negative
166,28.22,1,negative
136.1,23.14,1,negative
149.3,25.38,2,negative
65.4,11.12,2,negative
213.4,36.28,1,negative
206.9,35.17,3,negative
186.2,31.65,2,negative
280.2,47.63,4,negative
196.6,33.42,0,negative
312,53.04,0,positive
199,33.83,1,negative
203.1,34.53,3,negative
168.8,28.7,0,negative
173.1,29.43,1,negative
134.4,22.85,5,positive
202.6,34.44,2,negative
74.5,12.67,3,negative
83.6,14.21,0,negative
192.2,32.67,1,negative
220.2,37.43,0,negative
135.1,22.97,2,positive
253.4,43.08,1,negative
225,38.25,3,negative
198.5,33.75,0,positive
110.3,18.75,0,negative
60,10.2,0,negative
214.8,36.52,0,negative
181.8,30.91,4,negative
154,26.18,2,negative
157.4,26.76,4,positive
207.9,35.34,4,negative
207,35.19,3,negative
119,20.23,0,negative
143.7,24.43,0,negative
165.9,28.2,4,negative
138.6,23.56,1,negative
84.7,14.4,1,negative
62.6,10.64,1,positive
155.2,26.38,1,negative
164.9,28.03,1,negative
134.5,22.87,1,negative
143.3,24.36,1,negative
168.3,28.61,1,negative
262.4,44.61,2,negative
206.2,35.05,1,negative
225.8,38.39,4,negative
138.3,23.51,3,negative
94.4,16.05,0,negative
160,27.2,2,negative
206.6,35.12,0,negative
134.7,22.9,1,negative
214.4,36.45,3,negative
192.8,32.78,3,negative
151.1,25.69,1,negative
221.4,37.64,3,negative
218.9,37.21,0,negative
189.8,32.27,2,positive
192.7,32.76,2,negative
204.4,34.75,3,negative
172.3,29.29,2,negative
198.4,33.73,2,negative
211.7,35.99,1,negative
221.6,37.67,1,negative
197.9,33.64,3,negative
147.5,25.08,2,negative
206.4,35.09,2,negative
205.9,35,2,negative
207.6,35.29,0,negative
303.9,51.66,1,positive
230.6,39.2,0,negative
99.5,16.92,0,negative
177.1,30.11,1,negative
172.7,29.36,5,positive
172.7,29.36,1,negative
204.2,34.71,1,negative
85.7,14.57,2,negative
157.6,26.79,0,negative
215.5,36.64,4,negative
181.5,30.86,1,negative
171.7,29.19,2,negative
266.6,45.32,1,positive
170.4,28.97,0,positive
158,26.86,1,negative
92,15.64,1,negative
234,39.78,2,negative
272.1,46.26,1,positive
296.4,50.39,4,positive
194.4,33.05,0,negative
227.2,38.62,3,negative
248.7,42.28,1,positive
236.3,40.17,1,negative
205.6,34.95,0,negative
94.1,16,0,negative
125.2,21.28,0,negative
60.4,10.27,1,negative
121,20.57,2,negative
117.8,20.03,3,negative
232.4,39.51,3,negative
223.5,38,2,positive
176.3,29.97,0,negative
125.2,21.28,1,negative
138.7,23.58,0,negative
86.3,14.67,1,negative
207,35.19,3,negative
58.8,10,0,negative
68.7,11.68,1,negative
239.2,40.66,1,negative
198.3,33.71,0,negative
205.2,34.88,0,negative
192.1,32.66,3,negative
272.6,46.34,1,positive
128.3,21.81,7,positive
169.6,28.83,0,negative
201.3,34.22,1,negative
214.7,36.5,1,negative
169.2,28.76,0,negative
194.1,33,2,negative
233.8,39.75,2,negative
225.1,38.27,0,negative
213,36.21,1,positive
183.9,31.26,1,negative
221.8,37.71,0,negative
64.6,10.98,2,negative
154.6,26.28,1,negative
260.2,44.23,3,negative
161.6,27.47,1,negative
220.6,37.5,1,negative
155.9,26.5,3,negative
107,18.19,4,positive
182.5,31.03,4,negative
220.1,37.42,4,negative
152.2,25.87,1,negative
181.5,30.86,2,negative
236.2,40.15,2,positive
166.1,28.24,1,negative
244.6,41.58,1,negative
134.2,22.81,2,negative
149.7,25.45,1,negative
150.1,25.52,1,negative
257.1,43.71,1,positive
124.4,21.15,0,negative
141.7,24.09,1,negative
230,39.1,2,negative
162.3,27.59,0,negative
350.8,59.64,1,positive
193.3,32.86,4,negative
78.2,13.29,1,negative
83.4,14.18,1,negative
195.6,33.25,0,negative
201.8,34.31,1,negative
197,33.49,2,negative
218,37.06,0,positive
164.8,28.02,2,negative
179.2,30.46,2,negative
214,36.38,0,negative
170.5,28.99,2,negative
205.7,34.97,1,negative
165.5,28.14,1,positive
221,37.57,2,negative
242.1,41.16,3,negative
151.6,25.77,1,negative
176.2,29.95,0,negative
196,33.32,1,negative
159.5,27.12,2,negative
230.2,39.13,4,negative
146.7,24.94,3,negative
210.5,35.79,1,negative
102,17.34,1,negative
126,21.42,3,negative
168.4,28.63,1,negative
105.6,17.95,0,negative
206.5,35.11,5,negative
217.1,36.91,2,negative
229.6,39.03,0,positive
278.3,47.31,0,negative
138.6,23.56,0,negative
234.4,39.85,1,positive
181.5,30.86,1,negative
167.3,28.44,1,positive
121,20.57,1,negative
221.1,37.59,0,negative
145.8,24.79,1,negative
222.8,37.88,1,negative
183.4,31.18,4,negative
264.3,44.93,0,negative
146,24.82,0,negative
157.1,26.71,4,positive
127.3,21.64,1,negative
187.9,31.94,2,negative
178.8,30.4,2,negative
97.2,16.52,2,negative
259.8,44.17,0,negative
256.5,43.61,3,negative
169.5,28.82,0,negative
239.7,40.75,2,positive
171.5,29.16,1,positive
239.9,40.78,0,negative
142.3,24.19,1,negative
184.1,31.3,2,negative
206.9,35.17,2,negative
259.9,44.18,1,negative
203.8,34.65,0,negative
248.8,42.3,3,negative
221.6,37.67,1,negative
192.9,32.79,1,negative
122.4,20.81,1,negative
104.9,17.83,1,negative
173.2,29.44,3,negative
119.4,20.3,2,negative
250.3,42.55,2,positive
178.3,30.31,1,negative
243.4,41.38,1,negative
155,26.35,2,negative
288.7,49.08,0,negative
240.4,40.87,1,negative
190.3,32.35,1,negative
278,47.26,0,positive
155,26.35,1,negative
153.5,26.1,2,negative
273.4,46.48,1,negative
155.3,26.4,0,negative
133.1,22.63,1,negative
246.8,41.96,1,negative
165.4,28.12,2,negative
59.5,10.12,0,negative
138.3,23.51,3,negative
286.7,48.74,2,negative
117.3,19.94,1,negative
264.3,44.93,4,negative
127.9,21.74,0,negative
225.5,38.34,0,negative
149,25.33,0,negative
198.9,33.81,1,negative
256.4,43.59,1,positive
264.8,45.02,1,positive
98.2,16.69,2,negative
159.8,27.17,2,negative
190.6,32.4,3,negative
184,31.28,0,negative
261.8,44.51,1,negative
147.9,25.14,3,negative
106.4,18.09,1,negative
133.7,22.73,0,negative
193.5,32.9,0,negative
178.2,30.29,3,positive
226.2,38.45,3,positive
170.4,28.97,1,negative
70.9,12.05,3,negative
194.4,33.05,2,negative
240.3,40.85,1,negative
75,12.75,3,negative
69.1,11.75,1,negative
96.6,16.42,4,positive
214.6,36.48,0,negative
148.5,25.25,3,negative
258.1,43.88,1,negative
149.7,25.45,3,negative
149.8,25.47,1,negative
190.4,32.37,2,negative
181.4,30.84,1,negative
151.1,25.69,1,negative
155.7,26.47,0,negative
149.9,25.48,2,negative
222.3,37.79,3,negative
149.4,25.4,0,negative
233.8,39.75,0,negative
204.2,34.71,0,negative
242.9,41.29,1,negative
150.4,25.57,1,negative
208.9,35.51,0,negative
191.9,32.62,1,positive
130.7,22.22,2,positive
119.6,20.33,2,negative
273.6,46.51,1,negative
156.1,26.54,2,negative
178.7,30.38,2,negative
177.5,30.18,2,negative
211.3,35.92,4,positive
175.2,29.78,1,negative
114.3,19.43,3,negative
251.4,42.74,1,negative
216.9,36.87,1,positive
217.2,36.92,0,negative
206.3,35.07,0,negative
159.3,27.08,1,negative
143.1,24.33,2,negative
154,26.18,3,positive
186.6,31.72,1,negative
170.8,29.04,5,positive
124,21.08,1,negative
198.3,33.71,3,negative
172.8,29.38,2,negative
217.4,36.96,0,negative
265.9,45.2,0,positive
93.6,15.91,1,negative
98.2,16.69,2,negative
214.7,36.5,2,negative
168.2,28.59,1,negative
202.9,34.49,3,negative
261.4,44.44,1,negative
73.3,12.46,4,positive
253.7,43.13,7,negative
45,7.65,2,negative
231.3,39.32,1,negative
47.4,8.06,2,negative
227.4,38.66,0,negative
40.9,6.95,0,negative
124.8,21.22,2,negative
68.5,11.65,0,negative
163.5,27.8,2,negative
163,27.71,2,negative
213.7,36.33,2,negative
201.3,34.22,1,negative
310.4,52.77,4,negative
48.4,8.23,1,negative
171.2,29.1,1,negative
166.5,28.31,0,negative
216.6,36.82,0,negative
107.8,18.33,2,negative
141.3,24.02,1,negative
209.9,35.68,0,negative
237.5,40.38,9,positive
234.5,39.87,3,negative
103.1,17.53,3,negative
129.5,22.02,1,negative
279.8,47.57,2,positive
136.8,23.26,5,positive
100.1,17.02,0,negative
237.1,40.31,4,negative
172.8,29.38,4,positive
224.5,38.17,2,negative
288.1,48.98,3,positive
78.2,13.29,2,negative
148.7,25.28,2,negative
194.6,33.08,2,negative
159.5,27.12,0,negative
194.5,33.07,1,negative
174.1,29.6,2,positive
131.8,22.41,2,negative
160.6,27.3,1,negative
146.8,24.96,0,negative
200.7,34.12,1,negative
145.6,24.75,1,negative
229.4,39,2,negative
211,35.87,3,negative
121.5,20.66,2,negative
216,36.72,2,negative
293,49.81,2,negative
221.1,37.59,2,positive
181.5,30.86,1,negative
74.3,12.63,2,negative
62.3,10.59,1,negative
228.6,38.86,3,negative
228.1,38.78,2,positive
309.9,52.68,1,negative
201.9,34.32,3,negative
149.8,25.47,2,negative
183.8,31.25,1,negative
186.7,31.74,1,negative
209.4,35.6,1,positive
223.2,37.94,3,negative
164.2,27.91,1,negative
150.5,25.59,1,negative
234.2,39.81,0,positive
55.3,9.4,1,negative
221.8,37.71,1,negative
169.6,28.83,1,negative
89.7,15.25,5,positive
80.2,13.63,1,negative
218.9,37.21,2,negative
125.7,21.37,1,negative
176.3,29.97,2,negative
207.2,35.22,2,negative
205.7,34.97,2,negative
151.4,25.74,1,negative
157.5,26.78,3,negative
160.4,27.27,2,negative
159,27.03,1,negative
214.1,36.4,0,negative
102.6,17.44,2,negative
159.7,27.15,0,positive
202.8,34.48,1,negative
57.5,9.78,3,negative
169.9,28.88,1,negative
335.5,57.04,2,positive
139.5,23.72,0,negative
142.3,24.19,1,negative
187.8,31.93,0,negative
146.2,24.85,3,negative
231.8,39.41,3,negative
193.7,32.93,1,negative
156.4,26.59,4,negative
220.7,37.52,1,positive
239.8,40.77,2,negative
172,29.24,1,negative
128.2,21.79,2,negative
130.2,22.13,3,negative
195.4,33.22,1,negative
293.3,49.86,0,positive
191.3,32.52,1,negative
122.4,20.81,1,negative
209.6,35.63,2,negative
215.7,36.67,3,negative
161.4,27.44,0,negative
144.2,24.51,3,negative
220.2,37.43,0,positive
256.2,43.55,4,negative
112.7,19.16,1,negative
299.5,50.92,0,positive
194.8,33.12,0,negative
100.8,17.14,0,negative
82.5,14.03,3,negative
146.4,24.89,2,negative
177.9,30.24,2,negative
153.5,26.1,5,negative
150.7,25.62,1,negative
180.1,30.62,0,negative
265.3,45.1,1,negative
128.6,21.86,0,negative
161.5,27.46,2,negative
165.3,28.1,1,negative
195,33.15,0,negative
213.8,36.35,0,negative
205.5,34.94,1,negative
252.9,42.99,3,negative
235.6,40.05,0,negative
192,32.64,1,negative
69.1,11.75,0,negative
261.7,44.49,3,positive
235.5,40.04,2,negative
213.4,36.28,1,negative
206.9,35.17,3,negative
263.8,44.85,3,negative
183.4,31.18,1,negative
157.6,26.79,5,positive
175.6,29.85,0,negative
242.5,41.23,2,negative
151,25.67,0,negative
138.1,23.48,1,negative
264.7,45,1,positive
282.3,47.99,1,negative
211.2,35.9,0,negative
197.1,33.51,3,negative
205.3,34.9,1,negative
181.8,30.91,2,negative
252,42.84,2,negative
193.8,32.95,0,negative
231.2,39.3,1,negative
200.1,34.02,0,negative
266.7,45.34,1,negative
118.1,20.08,2,negative
175.3,29.8,0,negative
125.1,21.27,3,negative
176.8,30.06,1,negative
241.9,41.12,1,negative
241.2,41,0,negative
217.1,36.91,1,negative
195.4,33.22,0,negative
222.4,37.81,1,positive
189.5,32.22,1,negative
123.1,20.93,0,negative
256.7,43.64,3,negative
159.1,27.05,1,negative
100.1,17.02,3,negative
30.9,5.25,1,negative
223.2,37.94,3,negative
187.4,31.86,1,negative
315.6,53.65,3,negative
277.5,47.18,1,negative
189.8,32.27,2,negative
147.2,25.02,1,negative
185.8,31.59,4,negative
155.4,26.42,3,negative
154.2,26.21,6,negative
97.6,16.59,1,negative
178.8,30.4,1,negative
149.3,25.38,0,negative
206,35.02,0,negative
216.8,36.86,0,negative
103.3,17.56,0,negative
139.4,23.7,0,negative
191.2,32.5,1,negative
160,27.2,1,negative
221.7,37.69,3,negative
62.9,10.69,1,negative
215.6,36.65,1,negative
165.3,28.1,3,negative
94.7,16.1,2,negative
203.2,34.54,2,negative
195.3,33.2,3,negative
143.7,24.43,4,negative
114.4,19.45,2,negative
222.8,37.88,2,negative
175.9,29.9,2,negative
249.9,42.48,1,positive
234.5,39.87,2,negative
210.7,35.82,1,negative
182.3,30.99,1,negative
190.3,32.35,2,negative
177.1,30.11,0,negative
87.2,14.82,6,positive
215.6,36.65,1,negative
137.4,23.36,3,negative
192.8,32.78,1,negative
149.3,25.38,2,negative
143.7,24.43,1,negative
224.8,38.22,1,negative
261.2,44.4,2,negative
196.5,33.41,0,negative
271.2,46.1,3,positive
207.2,35.22,2,negative
300.4,51.07,2,negative
229.6,39.03,2,negative
187.5,31.88,1,negative
57.1,9.71,3,negative
162.1,27.56,5,positive
145,24.65,2,positive
159.5,27.12,1,negative
190.7,32.42,1,negative
230.6,39.2,1,negative
34,5.78,0,negative
193.4,32.88,5,negative
202,34.34,1,negative
191.7,32.59,1,negative
161.3,27.42,1,negative
150.6,25.6,1,negative
184.6,31.38,1,negative
220.7,37.52,1,negative
167.3,28.44,1,negative
154,26.18,3,negative
121.1,20.59,0,negative
182.1,30.96,3,negative
109.6,18.63,2,negative
209.9,35.68,1,negative
167.5,28.48,2,negative
213.9,36.36,2,negative
115.8,19.69,1,negative
276.6,47.02,2,negative
179.4,30.5,2,negative
187.3,31.84,1,negative
201.2,34.2,2,negative
189.6,32.23,1,negative
186.8,31.76,0,negative
153.5,26.1,0,negative
187.6,31.89,2,negative
230.9,39.25,0,positive
244.9,41.63,2,negative
230.9,39.25,3,negative
187.1,31.81,1,negative
170.7,29.02,1,negative
126.9,21.57,5,positive
189.5,32.22,0,negative
176.9,30.07,1,positive
161.1,27.39,1,negative
169.4,28.8,1,negative
254.4,43.25,0,negative
127.7,21.71,2,negative
170.5,28.99,6,negative
219.1,37.25,2,negative
273.5,46.5,2,negative
161.9,27.52,1,negative
241.7,41.09,1,negative
62.8,10.68,3,negative
281.1,47.79,1,negative
228.2,38.79,3,negative
209.8,35.67,0,negative
265.6,45.15,2,positive
214.9,36.53,2,negative
110.5,18.79,3,negative
281.1,47.79,0,negative
137.8,23.43,2,negative
271.5,46.16,1,positive
112.8,19.18,2,negative
187.3,31.84,1,negative
197,33.49,1,negative
180.4,30.67,1,negative
148.5,25.25,1,positive
197.1,33.51,2,negative
153.7,26.13,1,negative
261.3,44.42,1,negative
246.2,41.85,1,negative
191,32.47,0,negative
208.3,35.41,1,negative
253,43.01,0,negative
202.3,34.39,0,negative
174.4,29.65,0,negative
127.1,21.61,1,negative
143.5,24.4,0,negative
186.9,31.77,1,negative
194,32.98,1,negative
234.8,39.92,0,negative
123.7,21.03,1,negative
173.9,29.56,0,negative
130.9,22.25,1,negative
314.6,53.48,2,positive
227.9,38.74,1,negative
95.5,16.24,2,negative
185.3,31.5,1,negative
146.3,24.87,1,negative
184,31.28,2,negative
105.8,17.99,0,negative
178,30.26,1,negative
149.4,25.4,1,negative
209.4,35.6,2,negative
172.1,29.26,1,negative
169.3,28.78,1,negative
119.1,20.25,0,negative
194.2,33.01,2,negative
198.8,33.8,2,negative
167.7,28.51,3,positive
202.2,34.37,2,negative
322.5,54.83,2,positive
216.2,36.75,0,negative
76.4,12.99,3,negative
72.7,12.36,1,negative
210.4,35.77,0,negative
127.2,21.62,0,negative
201.8,34.31,1,negative
219.5,37.32,1,negative
99.3,16.88,3,negative
239.2,40.66,5,negative
120.9,20.55,2,negative
224.7,38.2,1,negative
176.6,30.02,1,negative
283.9,48.26,1,negative
180.6,30.7,1,positive
125.9,21.4,1,negative
237.6,40.39,0,negative
198.4,33.73,2,negative
274.3,46.63,0,negative
199.6,33.93,3,positive
217.7,37.01,3,negative
134.7,22.9,3,negative
212.7,36.16,2,negative
256.3,43.57,2,negative
183.6,31.21,1,negative
176.2,29.95,1,negative
205,34.85,1,negative
267.9,45.54,3,positive
179.2,30.46,2,negative
149.4,25.4,1,negative
163.6,27.81,3,negative
207.6,35.29,1,negative
165.4,28.12,3,negative
209.8,35.67,4,negative
220.1,37.42,0,negative
141.3,24.02,1,negative
196.5,33.41,0,negative
180.9,30.75,2,negative
105,17.85,0,negative
271.4,46.14,4,positive
206.7,35.14,1,negative
166.8,28.36,1,negative
204.9,34.83,5,negative
154.6,26.28,1,negative
127,21.59,1,negative
267.4,45.46,1,negative
281,47.77,1,negative
270.8,46.04,4,negative
171.2,29.1,1,negative
124.1,21.1,3,negative
162.8,27.68,1,negative
146.3,24.87,1,negative
254.8,43.32,2,negative
254.9,43.33,2,negative
107.7,18.31,0,negative
158.8,27,1,negative
182.9,31.09,2,negative
198.5,33.75,0,negative
178.4,30.33,0,negative
110.9,18.85,1,negative
166.9,28.37,1,positive
244.8,41.62,2,negative
120.8,20.54,4,positive
165.3,28.1,2,negative
126.7,21.54,2,negative
215.9,36.7,0,negative
140.1,23.82,1,negative
209.9,35.68,1,negative
139.8,23.77,0,negative
321.6,54.67,2,positive
166.6,28.32,7,negative
214.2,36.41,0,negative
260,44.2,1,positive
191.9,32.62,4,positive
213,36.21,0,negative
118.1,20.08,1,negative
190.2,32.33,6,negative
82.2,13.97,0,negative
163.8,27.85,0,negative
267.8,45.53,5,positive
159.8,27.17,2,negative
214.3,36.43,1,negative
287.3,48.84,0,positive
101.2,17.2,2,negative
102.8,17.48,2,negative
109.1,18.55,0,negative
215.9,36.7,1,negative
203.4,34.58,1,negative
110.1,18.72,1,negative
111,18.87,1,negative
239.9,40.78,1,negative
144.8,24.62,1,negative
135.4,23.02,1,negative
84.2,14.31,1,negative
209.1,35.55,0,negative
130.1,22.12,0,negative
175.8,29.89,2,negative
241.9,41.12,1,negative
136.7,23.24,0,negative
67.7,11.51,1,negative
200.4,34.07,1,negative
125.8,21.39,1,positive
128.2,21.79,1,negative
226.3,38.47,4,negative
162.3,27.59,0,negative
224.4,38.15,2,negative
120.5,20.49,1,negative
91.1,15.49,2,negative
168.8,28.7,0,negative
153.5,26.1,2,negative
226.2,38.45,0,negative
191.9,32.62,1,negative
167.9,28.54,4,positive
180,30.6,2,negative
257.4,43.76,2,positive
174.4,29.65,1,negative
159.7,27.15,1,negative
237.2,40.32,1,negative
103,17.51,1,negative
153.8,26.15,4,negative
205.1,34.87,3,negative
175.7,29.87,2,negative
155.9,26.5,2,negative
154.4,26.25,0,negative
209.7,35.65,2,negative
150,25.5,0,negative
232.4,39.51,3,negative
165.4,28.12,2,negative
199.2,33.86,3,negative
217.6,36.99,0,negative
212.1,36.06,3,negative
154,26.18,1,negative
193.8,32.95,1,negative
175.4,29.82,0,negative
152,25.84,2,positive
230.2,39.13,0,negative
174.9,29.73,1,positive
190.2,32.33,0,negative
176.4,29.99,1,negative
160.9,27.35,3,negative
228.7,38.88,1,negative
144,24.48,0,negative
135.9,23.1,6,negative
334.3,56.83,0,positive
130.5,22.19,0,negative
134.2,22.81,4,positive
278,47.26,4,positive
105.4,17.92,0,negative
188.9,32.11,3,negative
111.8,19.01,1,negative
159.1,27.05,1,negative
212.4,36.11,1,negative
142.3,24.19,1,negative
346.8,58.96,1,positive
113.9,19.36,1,negative
267.9,45.54,1,positive
171.4,29.14,3,negative
275.4,46.82,1,negative
197.2,33.52,0,negative
192.6,32.74,2,negative
91.7,15.59,1,negative
126.3,21.47,0,negative
251.5,42.76,3,negative
190.6,32.4,1,negative
116.1,19.74,0,negative
217.3,36.94,2,negative
179.4,30.5,0,negative
207.7,35.31,0,negative
277.3,47.14,2,positive
125.3,21.3,1,negative
138.1,23.48,2,negative
169.3,28.78,0,negative
201.3,34.22,1,negative
216.7,36.84,2,negative
190.4,32.37,2,negative
143.3,24.36,1,negative
97.4,16.56,2,negative
181.4,30.84,3,negative
246.4,41.89,0,negative
143.4,24.38,2,negative
104.9,17.83,2,negative
156.2,26.55,1,negative
114.8,19.52,0,negative
232.5,39.53,0,negative
143.6,24.41,1,negative
176.7,30.04,2,negative
263.4,44.78,1,positive
146.4,24.89,1,negative
145,24.65,2,negative
167.8,28.53,1,negative
166.9,28.37,0,negative
142.5,24.23,2,negative
133,22.61,1,negative
252.9,42.99,1,negative
95,16.15,2,negative
194.2,33.01,1,positive
222.8,37.88,1,negative
201.8,34.31,0,negative
216,36.72,2,positive
146.3,24.87,1,negative
234.8,39.92,1,negative
198.6,33.76,2,negative
94.4,16.05,2,negative
190.4,32.37,2,negative
142.6,24.24,3,negative
134.2,22.81,0,negative
111.9,19.02,5,positive
122.8,20.88,2,negative
189.3,32.18,4,negative
240.4,40.87,0,negative
93.5,15.9,0,negative
158.6,26.96,3,negative
243.2,41.34,4,negative
176.4,29.99,4,negative
220.9,37.55,0,negative
144.4,24.55,0,negative
212.3,36.09,0,negative
147,24.99,1,negative
96.2,16.35,2,negative
263.4,44.78,0,negative
12.5,2.13,1,negative
162.3,27.59,2,negative
183.6,31.21,1,negative
178.1,30.28,1,negative
201.4,34.24,0,negative
123,20.91,1,negative
208,35.36,0,negative
239.2,40.66,1,negative
193,32.81,1,negative
174.5,29.67,1,negative
116.7,19.84,1,negative
93.8,15.95,1,negative
154.1,26.2,2,negative
239.5,40.72,0,negative
216,36.72,0,negative
187.4,31.86,1,negative
167.4,28.46,0,negative
160.4,27.27,1,negative
143.2,24.34,1,negative
205.3,34.9,1,negative
219.1,37.25,1,negative
143.2,24.34,1,negative
232.8,39.58,2,negative
162,27.54,0,negative
25.9,4.4,1,negative
154.2,26.21,4,positive
322.3,54.79,0,positive
209.9,35.68,1,negative
191.5,32.56,0,negative
291.1,49.49,1,negative
215.6,36.65,3,negative
208.8,35.5,3,negative
255.9,43.5,3,negative
252.7,42.96,2,negative
132.1,22.46,3,negative
217,36.89,1,negative
101.9,17.32,0,negative
211.5,35.96,2,negative
153.4,26.08,0,negative
166.3,28.27,2,negative
185.2,31.48,1,negative
104.6,17.78,2,negative
245.2,41.68,0,negative
274.4,46.65,1,negative
98.4,16.73,1,negative
279.9,47.58,1,negative
187.2,31.82,1,negative
276.2,46.95,3,negative
200.4,34.07,1,negative
162.3,27.59,2,negative
176.9,30.07,4,positive
165.5,28.14,0,negative
217.8,37.03,4,negative
201.4,34.24,2,positive
190.5,32.39,3,negative
179.9,30.58,3,negative
235.9,40.1,3,negative
140.4,23.87,0,negative
144.6,24.58,2,negative
189,32.13,0,negative
101,17.17,0,negative
206.3,35.07,1,negative
165.1,28.07,1,negative
165,28.05,1,positive
155.9,26.5,3,negative
199.2,33.86,1,negative
155.3,26.4,3,negative
208.3,35.41,3,negative
157.1,26.71,1,negative
154.4,26.25,5,positive
189.1,32.15,1,positive
131.5,22.36,2,negative
166.4,28.29,1,negative
142.3,24.19,2,negative
87.7,14.91,2,negative
184.1,31.3,0,negative
174.5,29.67,2,negative
103.3,17.56,2,negative
35.1,5.97,1,negative
246.6,41.92,1,negative
78.5,13.35,1,negative
148.1,25.18,5,positive
206.2,35.05,1,negative
251.6,42.77,2,negative
270.3,45.95,1,positive
156.6,26.62,1,negative
139.4,23.7,1,negative
220.2,37.43,2,negative
214.1,36.4,1,negative
196,33.32,1,negative
106.4,18.09,6,positive
179.4,30.5,0,negative
216.7,36.84,2,negative
177.3,30.14,0,negative
151.6,25.77,1,negative
262.2,44.57,0,negative
173.6,29.51,3,negative
106.6,18.12,2,negative
193.3,32.86,5,positive
217.2,36.92,0,negative
209.5,35.62,1,negative
95.4,16.22,1,negative
214.6,36.48,1,negative
131.6,22.37,4,positive
168.4,28.63,1,negative
146.4,24.89,1,negative
183,31.11,1,negative
103.3,17.56,0,negative
112.2,19.07,0,negative
170.7,29.02,3,negative
172.5,29.33,0,negative
194.3,33.03,1,negative
187.8,31.93,2,negative
307.1,52.21,0,negative
118.2,20.09,3,negative
154,26.18,1,negative
155.5,26.44,1,negative
125.6,21.35,1,negative
199.3,33.88,0,negative
157.9,26.84,1,negative
203.4,34.58,2,negative
222.2,37.77,1,negative
92.8,15.78,1,negative
216.8,36.86,0,negative
193.2,32.84,4,negative
113.2,19.24,3,negative
166.2,28.25,3,negative
262.2,44.57,1,negative
207.8,35.33,0,negative
245.4,41.72,1,negative
287.1,48.81,3,positive
192.3,32.69,2,negative
194.2,33.01,2,negative
211,35.87,3,negative
141.9,24.12,0,negative
220.5,37.49,2,negative
157.4,26.76,1,negative
143.5,24.4,0,negative
156,26.52,0,negative
160.1,27.22,2,negative
235.1,39.97,4,positive
160,27.2,5,positive
188.4,32.03,1,negative
194.8,33.12,1,negative
247.8,42.13,1,negative
221.2,37.6,4,negative
118.5,20.15,2,negative
231.8,39.41,1,negative
215.9,36.7,1,negative
217.1,36.91,2,negative
83.5,14.2,0,negative
183.3,31.16,1,negative
236.8,40.26,1,positive
193.8,32.95,1,negative
134,22.78,0,negative
176.6,30.02,2,negative
191.4,32.54,3,negative
174.8,29.72,0,negative
275.2,46.78,1,negative
174,29.58,1,negative
165,28.05,1,negative
228.7,38.88,1,negative
107.9,18.34,2,negative
221.3,37.62,1,negative
141.1,23.99,3,negative
166.4,28.29,4,negative
249.6,42.43,3,negative
178.6,30.36,1,negative
139,23.63,2,negative
134.3,22.83,2,negative
215.9,36.7,3,negative
181.6,30.87,1,negative
178.4,30.33,1,negative
106.4,18.09,1,negative
170.7,29.02,2,negative
184.5,31.37,0,negative
161.2,27.4,1,negative
84.9,14.43,2,negative
217.9,37.04,1,negative
270.9,46.05,0,positive
243,41.31,0,positive
128.2,21.79,0,negative
126.3,21.47,2,negative
178.7,30.38,4,negative
159,27.03,0,negative
150.9,25.65,3,negative
219.9,37.38,3,negative
168,28.56,2,negative
162.1,27.56,4,positive
198.8,33.8,5,negative
256.8,43.66,3,negative
182.8,31.08,1,negative
196.8,33.46,1,negative
140.1,23.82,2,negative
194.3,33.03,5,negative
117.6,19.99,1,negative
193.7,32.93,0,negative
243.1,41.33,2,negative
145.4,24.72,1,negative
169.1,28.75,3,negative
229.3,38.98,2,negative
197.2,33.52,4,negative
186.4,31.69,2,positive
76.1,12.94,0,negative
162.8,27.68,2,negative
182.3,30.99,1,negative
194.4,33.05,2,negative
189.3,32.18,2,negative
160.1,27.22,3,negative
145,24.65,3,negative
220.7,37.52,4,negative
224.7,38.2,1,positive
147,24.99,1,negative
260.8,44.34,1,negative
155.4,26.42,0,negative
166.2,28.25,1,negative
211.8,36.01,0,negative
130.5,22.19,4,positive
162.7,27.66,0,negative
237.1,40.31,1,negative
166.2,28.25,4,negative
121.7,20.69,6,positive
176.4,29.99,0,negative
67.4,11.46,2,negative
229.7,39.05,1,positive
176,29.92,1,negative
247.7,42.11,0,positive
115.4,19.62,2,negative
112.2,19.07,0,positive
162.6,27.64,0,negative
229.4,39,4,negative
139.6,23.73,2,negative
263.8,44.85,5,positive
217.5,36.98,4,negative
114.3,19.43,1,negative
196.3,33.37,2,negative
253.2,43.04,1,negative
98,16.66,0,negative
249.4,42.4,0,negative
129.6,22.03,1,negative
221.3,37.62,0,negative
220.7,37.52,1,negative
87.6,14.89,1,negative
203.6,34.61,0,negative
213.6,36.31,2,negative
181.6,30.87,2,negative
215.4,36.62,1,negative
266.3,45.27,2,positive
199.2,33.86,3,negative
115,19.55,3,negative
270.5,45.99,1,positive
222.2,37.77,1,negative
61.9,10.52,3,negative
141.1,23.99,2,negative
189.2,32.16,3,positive
196,33.32,3,negative
171.6,29.17,0,negative
174,29.58,2,negative
78.6,13.36,1,positive
200.9,34.15,1,negative
141.3,24.02,1,negative
235.8,40.09,2,negative
185.1,31.47,3,negative
254.3,43.23,2,negative
183,31.11,2,negative
163.5,27.8,2,negative
207.9,35.34,2,negative
248.6,42.26,3,negative
185.4,31.52,2,negative
197.8,33.63,1,negative
132.1,22.46,2,positive
197.1,33.51,0,negative
154.6,26.28,2,negative
153.1,26.03,6,positive
211.2,35.9,2,negative
96.8,16.46,2,positive
172,29.24,1,negative
141.1,23.99,2,negative
151.1,25.69,2,negative
209.6,35.63,3,negative
247,41.99,3,negative
221.4,37.64,1,negative
321.3,54.62,1,positive
243.7,41.43,0,negative
251.5,42.76,3,negative
236.9,40.27,0,positive
159.7,27.15,2,negative
148.2,25.19,4,positive
150.9,25.65,1,negative
210.5,35.79,1,negative
170.9,29.05,2,negative
254.7,43.3,0,negative
284.4,48.35,0,positive
0,0,4,positive
133.7,22.73,1,positive
224.9,38.23,0,negative
151.8,25.81,1,negative
141.4,24.04,2,negative
285.7,48.57,0,positive
58.4,9.93,1,negative
90.4,15.37,0,negative
114.4,19.45,0,negative
147.7,25.11,2,negative
302.7,51.46,3,negative
136.1,23.14,1,negative
169.7,28.85,3,negative
227.2,38.62,0,negative
217.8,37.03,1,positive
124.2,21.11,2,negative
206.2,35.05,1,negative
132.9,22.59,3,negative
104.9,17.83,3,negative
245,41.65,1,positive
184.5,31.37,1,negative
89.5,15.22,3,negative
235.6,40.05,1,negative
186,31.62,4,negative
223.9,38.06,1,negative
179.5,30.52,1,negative
169.4,28.8,1,negative
118.1,20.08,1,negative
112,19.04,4,positive
168.4,28.63,0,negative
214.3,36.43,0,negative
245.7,41.77,4,positive
156.6,26.62,1,negative
142.8,24.28,1,negative
202.4,34.41,3,negative
116.8,19.86,1,negative
155.7,26.47,1,negative
236.1,40.14,2,negative
138.1,23.48,2,negative
51.9,8.82,3,negative
81.3,13.82,0,negative
171.5,29.16,0,negative
126,21.42,1,negative
197.2,33.52,4,negative
194.1,33,1,negative
115.7,19.67,1,negative
157.2,26.72,3,negative
269.7,45.85,3,positive
246.4,41.89,0,negative
227.4,38.66,1,negative
189.8,32.27,0,negative
188.9,32.11,4,negative
0,0,1,negative
110.5,18.79,1,negative
167.6,28.49,4,negative
132,22.44,3,negative
167.8,28.53,0,negative
213.4,36.28,1,negative
175.4,29.82,0,negative
82.6,14.04,3,negative
143.2,24.34,4,positive
125.5,21.34,1,negative
82.3,13.99,6,positive
165.6,28.15,1,negative
183.1,31.13,0,negative
162.1,27.56,1,negative
166.6,28.32,1,negative
135.9,23.1,1,negative
165.7,28.17,0,negative
176.1,29.94,1,negative
142.3,24.19,0,negative
177.6,30.19,3,negative
83.2,14.14,1,negative
235,39.95,2,negative
105.7,17.97,2,negative
149.4,25.4,3,positive
264.7,45,0,negative
160.3,27.25,1,negative
95.9,16.3,1,negative
140.7,23.92,0,negative
119.7,20.35,2,negative
99.9,16.98,2,negative
250.9,42.65,2,negative
200.6,34.1,2,negative
209.8,35.67,1,negative
198,33.66,1,negative
239.8,40.77,1,negative
164.5,27.97,0,negative
220.9,37.55,1,negative
112.8,19.18,2,negative
112.6,19.14,0,positive
226.4,38.49,1,negative
244.9,41.63,4,negative
203.2,34.54,2,negative
136.7,23.24,0,negative
152.6,25.94,1,negative
274.9,46.73,1,negative
195.7,33.27,1,positive
204.3,34.73,1,negative
222.3,37.79,3,negative
222.5,37.83,1,negative
128.8,21.9,2,negative
174.3,29.63,0,negative
242.5,41.23,4,negative
221.6,37.67,4,negative
114.3,19.43,0,negative
219.7,37.35,2,negative
144.9,24.63,2,negative
236.5,40.21,2,negative
174,29.58,2,positive
109.5,18.62,1,negative
81.6,13.87,1,negative
133.4,22.68,1,negative
137.1,23.31,1,negative
197,33.49,0,negative
198.1,33.68,3,negative
39.5,6.72,0,negative
199.5,33.92,2,negative
156.8,26.66,1,negative
183.4,31.18,3,negative
132.4,22.51,1,negative
63.2,10.74,0,negative
181.1,30.79,0,positive
117.5,19.98,3,negative
218.7,37.18,0,negative
207.3,35.24,1,negative
150.6,25.6,0,negative
273.3,46.46,1,positive
266.1,45.24,1,negative
112.8,19.18,0,negative
104.7,17.8,3,negative
193.8,32.95,0,negative
168.6,28.66,1,negative
253.2,43.04,2,negative
174.7,29.7,1,negative
87,14.79,0,negative
204.5,34.77,2,negative
226.5,38.51,3,negative
234.1,39.8,1,negative
133.3,22.66,3,positive
133.9,22.76,1,negative
160.2,27.23,0,negative
230.6,39.2,0,negative
227.4,38.66,2,negative
72.8,12.38,2,negative
196.1,33.34,1,negative
197.1,33.51,1,negative
219.6,37.33,1,negative
153.4,26.08,4,positive
216,36.72,2,negative
222.9,37.89,0,negative
115.9,19.7,3,negative
189.8,32.27,1,negative
154.7,26.3,0,negative
136.4,23.19,3,negative
170.5,28.99,1,negative
272.4,46.31,0,negative
210,35.7,8,negative
236.5,40.21,2,negative
153.9,26.16,2,negative
223,37.91,1,negative
252.4,42.91,2,negative
197.9,33.64,1,negative
152.4,25.91,3,negative
237.4,40.36,3,negative
265.6,45.15,1,negative
197.3,33.54,1,negative
199.1,33.85,1,negative
233.7,39.73,2,negative
183.1,31.13,1,negative
139.4,23.7,2,negative
213.9,36.36,1,positive
207.1,35.21,1,negative
139.7,23.75,2,negative
177.2,30.12,2,negative
169.8,28.87,2,negative
173.5,29.5,3,negative
159.9,27.18,1,negative
115.1,19.57,2,negative
136.8,23.26,2,negative
92.2,15.67,1,negative
243.9,41.46,2,negative
117.1,19.91,0,negative
223.3,37.96,0,positive
154.8,26.32,3,negative
261.4,44.44,1,positive
46.5,7.91,4,positive
149.9,25.48,0,positive
242.2,41.17,2,positive
259.4,44.1,1,positive
222.4,37.81,2,negative
69.4,11.8,0,negative
156.5,26.61,4,positive
61.2,10.4,5,positive
245.2,41.68,0,negative
102.3,17.39,3,negative
230.9,39.25,3,negative
227.4,38.66,0,negative
192.8,32.78,1,negative
162.6,27.64,1,negative
219.4,37.3,2,negative
137.2,23.32,1,negative
87.7,14.91,1,negative
271.1,46.09,1,negative
103.4,17.58,1,negative
52.2,8.87,2,negative
165.4,28.12,0,positive
147.5,25.08,2,negative
217.8,37.03,0,negative
235.7,40.07,1,negative
204.5,34.77,2,negative
178.4,30.33,0,negative
130.1,22.12,2,negative
103.7,17.63,2,negative
239.9,40.78,2,negative
148.4,25.23,0,negative
148.6,25.26,2,negative
191.1,32.49,0,negative
218.5,37.15,1,negative
97.5,16.58,1,negative
128.7,21.88,0,negative
236.6,40.22,2,negative
85.9,14.6,0,negative
141.2,24,1,negative
194.4,33.05,0,negative
167.6,28.49,2,negative
234.5,39.87,1,negative
154.2,26.21,1,negative
143.2,24.34,1,negative
216.4,36.79,1,negative
161.9,27.52,1,negative
118.7,20.18,3,negative
179.1,30.45,1,negative
147.9,25.14,2,negative
209.2,35.56,2,negative
244.3,41.53,0,negative
175.3,29.8,1,negative
150.5,25.59,1,negative
197.4,33.56,0,negative
163.5,27.8,1,negative
236.9,40.27,2,positive
82.3,13.99,1,negative
216,36.72,1,negative
180,30.6,1,negative
143.7,24.43,1,negative
198.2,33.69,1,negative
185.6,31.55,2,negative
137.6,23.39,3,negative
273.9,46.56,1,positive
125.3,21.3,3,negative
178.8,30.4,3,negative
214.9,36.53,0,negative
163,27.71,2,negative
163.8,27.85,2,negative
189.5,32.22,1,negative
155.2,26.38,0,negative
242.3,41.19,0,positive
254.1,43.2,3,negative
112,19.04,2,negative
115.5,19.64,3,negative
137.1,23.31,1,negative
198.4,33.73,0,negative
132.7,22.56,3,negative
219.6,37.33,2,negative
169.6,28.83,0,negative
160.4,27.27,4,negative
95,16.15,0,negative
160.1,27.22,2,negative
194.6,33.08,3,negative
236.4,40.19,1,positive
157.1,26.71,2,negative
179.8,30.57,0,negative
148.2,25.19,0,negative
183.2,31.14,1,negative
119.2,20.26,4,positive
224,38.08,0,negative
19.5,3.32,0,negative
184.8,31.42,1,negative
176.3,29.97,1,negative
241.7,41.09,2,negative
224.7,38.2,0,negative
207.3,35.24,1,negative
196.8,33.46,2,negative
110.9,18.85,1,negative
122.5,20.83,2,negative
226.9,38.57,2,negative
187,31.79,2,negative
170.5,28.99,0,negative
204.8,34.82,0,negative
165.9,28.2,2,negative
154,26.18,4,positive
158.1,26.88,1,negative
225.2,38.28,2,negative
159.4,27.1,6,positive
172.7,29.36,2,negative
222.8,37.88,3,negative
214.1,36.4,1,negative
54.8,9.32,1,negative
134,22.78,3,negative
184.8,31.42,1,negative
283.1,48.13,3,negative
291.8,49.61,0,positive
222.7,37.86,1,negative
174.5,29.67,0,negative
68.4,11.63,0,negative
273,46.41,1,negative
225.3,38.3,1,positive
283.2,48.14,1,negative
131.4,22.34,1,positive
89.7,15.25,1,negative
127.1,21.61,3,negative
105.9,18,1,negative
142.3,24.19,2,negative
191.3,32.52,2,negative
201.9,34.32,0,negative
247.3,42.04,3,negative
242.2,41.17,1,negative
127.3,21.64,5,positive
162,27.54,1,negative
179.1,30.45,2,negative
197.4,33.56,3,negative
148.2,25.19,2,negative
193.1,32.83,0,negative
171.7,29.19,1,negative
198.5,33.75,1,negative
121.7,20.69,1,negative
130.2,22.13,2,negative
203.4,34.58,2,negative
174.7,29.7,5,negative
241,40.97,1,positive
141.7,24.09,0,negative
134.8,22.92,2,negative
163.1,27.73,1,negative
145.5,24.74,1,negative
329.8,56.07,0,positive
194.5,33.07,2,negative
131.9,22.42,1,negative
150,25.5,1,negative
196.6,33.42,2,negative
99.7,16.95,2,negative
143.6,24.41,3,negative
231.9,39.42,2,negative
37.8,6.43,3,negative
72.8,12.38,3,negative
94.8,16.12,1,negative
221.8,37.71,1,negative
269,45.73,2,positive
268.3,45.61,1,positive
198.7,33.78,1,negative
115.5,19.64,7,positive
202.1,34.36,2,negative
215.6,36.65,1,negative
169.9,28.88,1,negative
201.7,34.29,0,negative
221.1,37.59,4,negative
218.7,37.18,2,negative
293.7,49.93,2,positive
120.3,20.45,4,positive
175.8,29.89,2,negative
278.5,47.35,1,positive
236.3,40.17,3,negative
273.8,46.55,1,negative
131.1,22.29,5,positive
167.4,28.46,4,negative
197.7,33.61,3,negative
169.5,28.82,2,negative
225.2,38.28,0,negative
174.5,29.67,4,negative
129.7,22.05,5,positive
200,34,3,negative
95.9,16.3,0,negative
152.8,25.98,1,negative
129.9,22.08,1,negative
268.4,45.63,2,positive
188.5,32.05,2,negative
170.6,29,1,negative
191.4,32.54,1,negative
75.3,12.8,1,negative
149.8,25.47,2,negative
115.9,19.7,1,negative
128.8,21.9,2,negative
131.7,22.39,1,negative
101.4,17.24,1,negative
149,25.33,4,negative
96.8,16.46,2,negative
107.5,18.28,2,negative
232.8,39.58,0,positive
121.1,20.59,3,negative
124.3,21.13,0,negative
157.7,26.81,1,negative
124.3,21.13,0,negative
286.4,48.69,1,positive
141.7,24.09,0,negative
173,29.41,0,negative
268.7,45.68,2,positive
218.5,37.15,0,negative
255.3,43.4,3,negative
41.9,7.12,1,negative
260.8,44.34,1,negative
239.4,40.7,0,negative
226.7,38.54,0,negative
179.3,30.48,1,positive
158,26.86,1,negative
175.7,29.87,1,negative
157.4,26.76,3,negative
113.1,19.23,1,positive
182.7,31.06,1,negative
161.3,27.42,0,positive
142.5,24.23,2,negative
190.5,32.39,2,positive
159.3,27.08,1,negative
153.8,26.15,1,negative
180.7,30.72,2,negative
202.7,34.46,0,negative
190.8,32.44,0,negative
205.1,34.87,2,negative
235.6,40.05,1,negative
189.3,32.18,0,negative
166.9,28.37,1,negative
245.2,41.68,0,positive
132.6,22.54,4,positive
182.3,30.99,2,negative
192.3,32.69,2,negative
122,20.74,2,positive
193,32.81,2,negative
158.6,26.96,0,negative
91.5,15.56,2,negative
153.6,26.11,1,negative
221.6,37.67,1,negative
244.7,41.6,1,negative
239.8,40.77,0,negative
172.4,29.31,0,negative
242.5,41.23,3,positive
117.6,19.99,2,negative
174.5,29.67,1,negative
157.3,26.74,1,negative
192,32.64,1,negative
218.2,37.09,1,negative
144.6,24.58,1,negative
153.6,26.11,0,positive
135.8,23.09,2,negative
160.7,27.32,0,negative
202.5,34.43,1,negative
152.2,25.87,1,negative
227.4,38.66,0,negative
191.6,32.57,2,negative
138.9,23.61,1,negative
127,21.59,0,negative
168.6,28.66,1,negative
286.6,48.72,1,positive
164.6,27.98,1,negative
144,24.48,1,negative
141.6,24.07,0,negative
204.3,34.73,1,negative
163.2,27.74,1,negative
225,38.25,0,negative
176.1,29.94,2,negative
254.2,43.21,5,negative
174.9,29.73,1,negative
187.3,31.84,0,positive
211.8,36.01,3,negative
241.9,41.12,0,negative
196.1,33.34,3,negative
231.3,39.32,3,negative
161.6,27.47,1,negative
194,32.98,0,negative
109.7,18.65,3,negative
277,47.09,1,negative
192.1,32.66,0,negative
198.4,33.73,0,negative
209.2,35.56,0,negative
184.8,31.42,2,negative
167.8,28.53,2,negative
139.2,23.66,3,negative
221.3,37.62,0,negative
121.6,20.67,1,negative
270.4,45.97,1,negative
139.6,23.73,2,negative
253,43.01,2,negative
183.9,31.26,1,negative
203.3,34.56,3,negative
200.6,34.1,3,negative
167.6,28.49,2,negative
156.5,26.61,2,negative
215.1,36.57,1,negative
301.7,51.29,1,negative
152.3,25.89,7,negative
195.4,33.22,1,negative
208.7,35.48,2,negative
190.1,32.32,0,negative
185.4,31.52,4,negative
183.2,31.14,0,negative
54.2,9.21,1,positive
208,35.36,1,negative
230.3,39.15,1,negative
240.8,40.94,2,negative
195.7,33.27,2,negative
276.1,46.94,0,positive
166.1,28.24,2,negative
135.9,23.1,4,positive
189.1,32.15,2,positive
177.9,30.24,1,negative
143.9,24.46,2,negative
148.2,25.19,2,negative
287.1,48.81,2,positive
179.7,30.55,1,positive
165.8,28.19,5,positive
144.1,24.5,1,negative
172.5,29.33,0,negative
199.8,33.97,1,negative
109.1,18.55,2,negative
171.8,29.21,1,negative
222.3,37.79,1,positive
245.8,41.79,0,negative
164.6,27.98,0,negative
211.7,35.99,0,negative
147.2,25.02,0,positive
254.7,43.3,0,positive
170.1,28.92,1,negative
195.1,33.17,0,negative
149.3,25.38,7,positive
81.9,13.92,2,positive
191.1,32.49,0,negative
206.9,35.17,3,negative
239,40.63,1,positive
179.3,30.48,0,negative
185.3,31.5,0,negative
141.4,24.04,2,negative
248.6,42.26,1,negative
152.5,25.93,2,negative
145.6,24.75,1,negative
164.2,27.91,1,negative
221,37.57,1,negative
295.4,50.22,1,positive
139.8,23.77,2,negative
162.3,27.59,4,positive
272.7,46.36,0,positive
200.3,34.05,2,negative
157.1,26.71,1,negative
135.8,23.09,2,negative
236.7,40.24,1,negative
111.4,18.94,3,negative
156.1,26.54,0,positive
191.1,32.49,2,negative
153,26.01,1,positive
218.8,37.2,4,negative
205.4,34.92,3,negative
225.2,38.28,0,positive
249.9,42.48,2,positive
131.6,22.37,3,negative
197.9,33.64,0,negative
166.5,28.31,1,negative
225.4,38.32,1,negative
275.8,46.89,2,positive
142.9,24.29,1,negative
207.2,35.22,1,negative
206.2,35.05,1,negative
210.3,35.75,1,negative
225.7,38.37,1,positive
167.8,28.53,4,positive
197.7,33.61,2,negative
169.8,28.87,1,negative
190.6,32.4,2,negative
80.3,13.65,2,negative
231.7,39.39,0,negative
69.1,11.75,0,negative
188.8,32.1,4,negative
150.6,25.6,8,positive
192,32.64,2,negative
163.7,27.83,3,negative
211.7,35.99,1,negative
175.5,29.84,1,negative
150.1,25.52,2,negative
189.5,32.22,1,negative
70.8,12.04,6,positive
215.5,36.64,1,negative
101.7,17.29,3,negative
258.4,43.93,4,negative
242.4,41.21,1,negative
131.8,22.41,1,negative
190.2,32.33,2,negative
154.1,26.2,2,negative
188,31.96,3,negative
103.1,17.53,1,negative
175.4,29.82,0,negative
145.4,24.72,1,negative
250.6,42.6,1,negative
161.5,27.46,1,negative
260.1,44.22,1,positive
281.3,47.82,0,positive
130.1,22.12,3,positive
102,17.34,2,negative
218.7,37.18,1,negative
128.5,21.85,1,negative
128.7,21.88,2,positive
172.2,29.27,1,negative
199.2,33.86,1,negative
184.5,31.37,2,negative
168.6,28.66,0,negative
174,29.58,1,negative
230.4,39.17,1,negative
198.2,33.69,1,negative
186.1,31.64,0,negative
148.5,25.25,1,negative
157.1,26.71,0,negative
155,26.35,4,positive
129.3,21.98,1,negative
188.5,32.05,1,negative
208.8,35.5,0,negative
238,40.46,0,positive
211.1,35.89,0,negative
198.9,33.81,3,negative
212.8,36.18,1,negative
137.4,23.36,3,negative
191.8,32.61,2,negative
149,25.33,0,negative
117.1,19.91,3,negative
108,18.36,3,negative
112.8,19.18,0,negative
175.9,29.9,1,negative
236.6,40.22,1,positive
169.4,28.8,1,negative
129.6,22.03,3,negative
177.1,30.11,1,negative
133.3,22.66,1,negative
167.8,28.53,5,negative
174.6,29.68,1,negative
150.3,25.55,2,negative
283.2,48.14,5,negative
157.8,26.83,5,positive
141.2,24,2,negative
230.2,39.13,1,negative
237.8,40.43,2,positive
204,34.68,3,positive
221.1,37.59,1,negative
177.2,30.12,4,negative
118,20.06,1,negative
163.8,27.85,0,negative
141.3,24.02,3,negative
272.5,46.33,3,positive
118.9,20.21,2,negative
7.9,1.34,0,negative
159.5,27.12,0,negative
150.2,25.53,1,negative
144.5,24.57,2,negative
140.7,23.92,2,negative
169.2,28.76,1,negative
220.8,37.54,2,negative
216.3,36.77,0,negative
169.5,28.82,0,negative
256.3,43.57,1,negative
179.7,30.55,1,negative
266,45.22,3,negative
96.7,16.44,2,negative
82.7,14.06,0,negative
168.2,28.59,3,negative
286.4,48.69,1,positive
174.3,29.63,3,negative
190.6,32.4,1,negative
175.5,29.84,4,negative
133.4,22.68,1,negative
204.6,34.78,3,negative
242.2,41.17,3,negative
253.1,43.03,3,negative
130,22.1,0,negative
105.9,18,0,negative
194.2,33.01,3,negative
183.8,31.25,1,negative
196.5,33.41,2,negative
184.5,31.37,3,negative
261.9,44.52,0,negative
202.4,34.41,3,negative
167.4,28.46,3,negative
167.7,28.51,1,negative
191.7,32.59,1,negative
240.2,40.83,2,negative
189.1,32.15,1,negative
127.7,21.71,1,negative
205.2,34.88,1,negative
153.6,26.11,2,negative
154.5,26.27,2,negative
153.7,26.13,1,negative
171.2,29.1,1,negative
328.1,55.78,1,positive
145.9,24.8,0,positive
201.2,34.2,1,negative
139.1,23.65,5,negative
118.9,20.21,2,negative
217.6,36.99,2,positive
145,24.65,1,negative
203.5,34.6,3,negative
240.1,40.82,3,negative
83.8,14.25,1,negative
269.8,45.87,1,positive
126.3,21.47,1,negative
88.1,14.98,2,negative
218.5,37.15,2,negative
236.8,40.26,1,negative
124.1,21.1,3,negative
184.2,31.31,0,negative
222.7,37.86,4,negative
149.2,25.36,1,negative
206.5,35.11,3,negative
159.7,27.15,3,negative
204.7,34.8,2,negative
213.2,36.24,1,negative
269.6,45.83,1,negative
116.7,19.84,2,negative
263.4,44.78,0,negative
140.2,23.83,1,negative
197.7,33.61,1,negative
136.2,23.15,3,negative
88.5,15.05,2,negative
215.3,36.6,0,negative
269.2,45.76,3,positive
203.8,34.65,0,negative
268.4,45.63,0,negative
159.1,27.05,1,negative
114.4,19.45,2,negative
138.9,23.61,2,negative
186,31.62,1,negative
170.4,28.97,0,negative
164.5,27.97,4,negative
168.6,28.66,1,negative
261.2,44.4,0,positive
190.5,32.39,1,negative
181.1,30.79,2,negative
177.1,30.11,3,negative
160.5,27.29,1,negative
134.7,22.9,2,negative
198.2,33.69,2,negative
228.9,38.91,4,positive
241.7,41.09,0,negative
131.1,22.29,1,negative
234.1,39.8,2,negative
200.1,34.02,0,negative
154,26.18,1,negative
224.2,38.11,0,negative
148.3,25.21,3,negative
174.6,29.68,2,negative
138.5,23.55,1,negative
109,18.53,1,negative
162.3,27.59,4,negative
210.8,35.84,2,negative
142.4,24.21,1,negative
223.5,38,2,negative
182.5,31.03,2,negative
219.6,37.33,2,negative
193.6,32.91,0,negative
192.4,32.71,0,negative
236.2,40.15,0,negative
233.2,39.64,0,negative
158.8,27,2,negative
126.1,21.44,1,negative
290.4,49.37,3,positive
60.6,10.3,0,negative
148.4,25.23,0,negative
246.5,41.91,2,negative
298.1,50.68,2,positive
119.3,20.28,2,negative
242.5,41.23,0,negative
222.1,37.76,0,positive
236.2,40.15,2,positive
144.2,24.51,0,negative
154.6,26.28,3,negative
137.4,23.36,2,negative
103.7,17.63,0,negative
136.6,23.22,4,positive
289.8,49.27,2,positive
260.9,44.35,3,negative
196.2,33.35,0,positive
195.6,33.25,1,negative
222.2,37.77,4,negative
172.9,29.39,0,positive
249.8,42.47,0,positive
154.5,26.27,1,negative
90.4,15.37,1,negative
268.8,45.7,0,negative
106.1,18.04,1,negative
27,4.59,3,negative
140.1,23.82,1,negative
245,41.65,1,negative
196.7,33.44,3,negative
131.2,22.3,2,negative
149.6,25.43,2,negative
239.8,40.77,1,negative
142.1,24.16,1,negative
115.4,19.62,3,negative
193,32.81,2,negative
206.1,35.04,1,negative
160.3,27.25,0,negative
199.9,33.98,1,negative
213.1,36.23,0,negative
178.3,30.31,3,negative
252.3,42.89,3,positive
197.7,33.61,4,negative
111.1,18.89,2,negative
96.5,16.41,1,positive
156.9,26.67,3,negative
123.3,20.96,1,negative
193.7,32.93,1,negative
206.9,35.17,0,negative
249.8,42.47,3,positive
144,24.48,1,negative
299.5,50.92,0,negative
226,38.42,2,positive
137.6,23.39,2,negative
211.7,35.99,1,negative
89.7,15.25,2,negative
197.6,33.59,2,negative
270,45.9,2,positive
224.7,38.2,3,negative
194.3,33.03,2,negative
47.7,8.11,0,positive
190.1,32.32,1,negative
89.5,15.22,1,positive
182.6,31.04,0,negative
205.5,34.94,1,negative
231.5,39.36,1,negative
251.3,42.72,3,positive
171.2,29.1,2,negative
197.9,33.64,2,negative
134.8,22.92,1,negative
191.4,32.54,1,negative
174.5,29.67,0,negative
177.4,30.16,0,negative
182.1,30.96,1,negative
222.4,37.81,0,negative
47.8,8.13,0,positive
121.8,20.71,1,negative
143.5,24.4,3,negative
164.9,28.03,2,negative
193.6,32.91,2,negative
101.1,17.19,0,negative
92.3,15.69,2,negative
168.9,28.71,2,negative
219.2,37.26,1,negative
178.1,30.28,0,negative
146.5,24.91,3,negative
172.3,29.29,1,negative
190.9,32.45,1,negative
232.1,39.46,3,positive
169.2,28.76,4,positive
123.8,21.05,2,negative
96,16.32,3,negative
93.4,15.88,1,negative
90.6,15.4,1,negative
152.9,25.99,2,negative
257.9,43.84,2,negative
85.2,14.48,2,negative
160,27.2,1,negative
182.9,31.09,0,negative
216.2,36.75,2,negative
261.7,44.49,0,negative
241.2,41,2,negative
177.2,30.12,1,negative
89.5,15.22,2,negative
200.3,34.05,1,negative
145,24.65,4,positive
159.5,27.12,2,negative
151.8,25.81,3,negative
176.2,29.95,1,negative
152.1,25.86,0,negative
161.3,27.42,1,negative
171.7,29.19,3,negative
278.9,47.41,0,positive
213,36.21,4,negative
242.9,41.29,1,negative
217.2,36.92,0,positive
175.9,29.9,1,negative
303.2,51.54,0,positive
238.9,40.61,2,negative
189.6,32.23,2,negative
133.3,22.66,5,positive
92.7,15.76,3,negative
177.2,30.12,3,negative
184.5,31.37,2,negative
176.1,29.94,0,negative
204.7,34.8,6,negative
143.6,24.41,2,negative
179.3,30.48,1,negative
137.3,23.34,1,negative
237.8,40.43,2,negative
203.7,34.63,2,negative
191.3,32.52,2,negative
209.1,35.55,2,negative
88.8,15.1,3,negative
97.2,16.52,0,negative
137.9,23.44,1,negative
224.3,38.13,2,negative
207.6,35.29,1,negative
268.1,45.58,2,negative
166.7,28.34,4,positive
267.1,45.41,1,positive
181.8,30.91,2,negative
147.1,25.01,0,negative
37.7,6.41,1,negative
185,31.45,2,negative
156.4,26.59,2,negative
239.3,40.68,1,negative
215.5,36.64,2,negative
134.9,22.93,1,negative
194.8,33.12,0,negative
239.1,40.65,5,negative
92.6,15.74,3,negative
209.4,35.6,1,negative
197.6,33.59,1,negative
17.6,2.99,1,negative
62.9,10.69,1,negative
202.3,34.39,1,negative
136.1,23.14,0,negative
207,35.19,1,negative
207.9,35.34,1,negative
276.5,47.01,1,positive
313.8,53.35,3,negative
288.5,49.05,1,negative
210.9,35.85,4,negative
64.9,11.03,1,negative
243.5,41.4,1,negative
197,33.49,3,negative
278,47.26,0,negative
219.9,37.38,1,negative
313.2,53.24,2,positive
145.7,24.77,0,negative
75.8,12.89,0,negative
195.9,33.3,3,negative
132,22.44,1,negative
124,21.08,2,negative
171.9,29.22,2,negative
249.4,42.4,4,negative
228.4,38.83,0,negative
168.6,28.66,3,negative
123.7,21.03,0,negative
178.7,30.38,1,negative
113.2,19.24,1,negative
142.4,24.21,2,negative
204.2,34.71,0,negative
149.7,25.45,3,negative
227.1,38.61,5,positive
155.3,26.4,2,negative
156.4,26.59,1,negative
148.7,25.28,0,negative
271.7,46.19,3,negative
193.7,32.93,0,negative
245.5,41.74,1,negative
245.3,41.7,3,positive
196.1,33.34,0,negative
134.1,22.8,2,negative
225,38.25,1,negative
189.7,32.25,0,negative
142.9,24.29,0,negative
175.6,29.85,1,negative
92.4,15.71,2,negative
92.8,15.78,1,negative
221.7,37.69,0,negative
159.6,27.13,0,negative
144.5,24.57,2,negative
159.1,27.05,2,negative
49.9,8.48,2,negative
116.9,19.87,0,negative
150,25.5,3,negative
254.4,43.25,1,negative
270.7,46.02,3,negative
207,35.19,1,negative
145.3,24.7,0,negative
230.7,39.22,3,negative
151.5,25.76,1,negative
146.1,24.84,0,negative
256,43.52,3,negative
200.2,34.03,3,negative
150.7,25.62,2,negative
186,31.62,1,negative
212.9,36.19,3,negative
194.8,33.12,0,negative
272.5,46.33,3,negative
135.1,22.97,1,negative
154.6,26.28,1,negative
230.5,39.19,5,negative
165.4,28.12,1,negative
143.3,24.36,4,positive
271.1,46.09,2,positive
253.5,43.1,0,negative
167.1,28.41,6,positive
168.3,28.61,1,negative
104.7,17.8,1,negative
135.4,23.02,1,negative
191.4,32.54,1,negative
158.7,26.98,1,negative
144.8,24.62,2,negative
98.8,16.8,3,negative
157.8,26.83,3,positive
163,27.71,1,negative
181.6,30.87,4,negative
129,21.93,2,negative
86,14.62,1,negative
193.9,32.96,0,negative
109.4,18.6,0,negative
188.9,32.11,2,negative
179.9,30.58,1,positive
183.4,31.18,1,negative
288.1,48.98,0,negative
169.2,28.76,2,negative
195.5,33.24,1,positive
264.4,44.95,2,negative
207.7,35.31,0,negative
169.5,28.82,0,negative
141.5,24.06,2,negative
154.8,26.32,0,negative
133.5,22.7,1,negative
273.2,46.44,2,positive
224.6,38.18,2,negative
273.8,46.55,2,positive
159.5,27.12,1,positive
104,17.68,0,negative
115.4,19.62,1,negative
222.1,37.76,2,negative
116.4,19.79,3,negative
217.7,37.01,3,negative
129.4,22,0,negative
161.8,27.51,0,negative
198.8,33.8,1,negative
147.8,25.13,1,negative
262.3,44.59,3,negative
246.4,41.89,1,negative
174.3,29.63,4,positive
183.4,31.18,4,negative
191.9,32.62,1,negative
187.8,31.93,2,negative
259.7,44.15,0,negative
180.4,30.67,0,negative
51.8,8.81,2,negative
303.9,51.66,1,positive
123.7,21.03,1,positive
206.2,35.05,3,negative
164.3,27.93,2,negative
228.6,38.86,9,positive
200.4,34.07,1,negative
154.3,26.23,0,negative
122.9,20.89,2,negative
220.8,37.54,0,negative
214.6,36.48,0,negative
202,34.34,2,positive
209.5,35.62,6,positive
297.9,50.64,1,positive
212.8,36.18,0,positive
145.6,24.75,0,negative
152.9,25.99,2,negative
125.4,21.32,1,negative
138.3,23.51,0,negative
189.3,32.18,3,negative
199.3,33.88,4,negative
247.5,42.08,2,negative
294.9,50.13,1,positive
175.4,29.82,1,negative
179.4,30.5,1,negative
126.8,21.56,0,negative
239.7,40.75,1,positive
143,24.31,5,positive
91.9,15.62,2,negative
210.4,35.77,1,negative
201.3,34.22,1,positive
145.6,24.75,2,negative
203.5,34.6,1,positive
232.4,39.51,1,negative
86.5,14.71,2,negative
109.9,18.68,0,negative
156,26.52,1,negative
326.3,55.47,1,positive
195,33.15,0,negative
110,18.7,0,negative
147.1,25.01,5,positive
156,26.52,2,negative
98.2,16.69,2,negative
210.6,35.8,0,negative
239.9,40.78,2,positive
159.9,27.18,2,positive
197.8,33.63,4,positive
115.4,19.62,2,negative
123.8,21.05,0,negative
117.6,19.99,1,negative
105.3,17.9,2,negative
111.7,18.99,1,negative
159.3,27.08,2,negative
81.7,13.89,6,positive
238,40.46,2,negative
128.1,21.78,0,negative
171.2,29.1,1,negative
109,18.53,4,positive
220,37.4,2,negative
55.6,9.45,0,negative
286.6,48.72,1,negative
207.6,35.29,1,negative
109.6,18.63,4,positive
197.2,33.52,2,negative
175.7,29.87,1,negative
205.2,34.88,0,negative
193.1,32.83,1,negative
232.6,39.54,3,negative
102.7,17.46,0,negative
263.1,44.73,5,negative
197,33.49,1,negative
169.3,28.78,2,negative
201.5,34.26,1,negative
251,42.67,3,negative
230.4,39.17,3,negative
109.8,18.67,1,negative
279.5,47.52,2,positive
173.4,29.48,1,negative
214.4,36.45,1,negative
96.1,16.34,1,negative
101.4,17.24,1,negative
232.5,39.53,4,negative
174.5,29.67,1,negative
224,38.08,1,negative
211.1,35.89,4,negative
109.2,18.56,2,negative
220,37.4,0,negative
181.4,30.84,2,negative
180.7,30.72,2,negative
96.5,16.41,1,negative
183.5,31.2,3,negative
107.9,18.34,0,negative
161,27.37,1,negative
146.8,24.96,1,positive
149.2,25.36,3,negative
227.8,38.73,3,negative
160.3,27.25,0,negative
137.8,23.43,1,positive
141.7,24.09,0,negative
196.4,33.39,0,negative
175.2,29.78,1,negative
146.8,24.96,1,negative
173.9,29.56,1,negative
305.2,51.88,1,negative
162.3,27.59,3,positive
150,25.5,3,negative
197.5,33.58,1,negative
240.2,40.83,2,negative
186.2,31.65,2,negative
116.9,19.87,0,negative
236.7,40.24,1,negative
173.2,29.44,0,negative
152.2,25.87,0,negative
181.3,30.82,0,negative
167.8,28.53,4,positive
175.4,29.82,1,negative
87.6,14.89,2,negative
203.3,34.56,0,negative
92.6,15.74,5,positive
262.9,44.69,1,negative
160.8,27.34,1,negative
141.8,24.11,1,negative
50.6,8.6,2,negative
134.9,22.93,1,negative
252.1,42.86,1,negative
215.5,36.64,1,negative
124.8,21.22,0,negative
178.7,30.38,2,negative
183.2,31.14,2,negative
167.5,28.48,1,negative
147.1,25.01,3,negative
230.1,39.12,1,negative
135.8,23.09,0,negative
205.7,34.97,2,negative
73.8,12.55,2,negative
189.3,32.18,2,negative
147.2,25.02,3,negative
137.3,23.34,0,negative
70.7,12.02,2,negative
204.6,34.78,0,negative
123.1,20.93,5,positive
129.7,22.05,2,negative
198.7,33.78,0,negative
145.1,24.67,2,negative
135.2,22.98,2,negative
124.7,21.2,1,negative
215.9,36.7,1,negative
119.2,20.26,2,negative
144.3,24.53,3,negative
235.2,39.98,1,negative
174,29.58,0,negative
115,19.55,0,positive
151.7,25.79,2,negative
153.1,26.03,3,negative
218.6,37.16,2,negative
265.2,45.08,2,negative
143.3,24.36,1,negative
190.3,32.35,2,negative
184.7,31.4,2,positive
115.3,19.6,1,negative
113,19.21,2,positive
294.2,50.01,0,positive
215.6,36.65,3,negative
128.8,21.9,1,negative
211.2,35.9,3,positive
71.2,12.1,1,negative
94.9,16.13,2,negative
259.4,44.1,1,positive
215.8,36.69,1,negative
97.5,16.58,3,negative
146.5,24.91,0,negative
157.9,26.84,2,negative
139.9,23.78,2,negative
153.2,26.04,1,negative
103.5,17.6,2,negative
185.8,31.59,1,negative
129.5,22.02,1,negative
236.6,40.22,1,negative
260.4,44.27,6,negative
167.3,28.44,2,negative
182.2,30.97,2,negative
113,19.21,2,negative
185.7,31.57,0,negative
136.2,23.15,0,negative
222.6,37.84,1,negative
197.3,33.54,1,negative
141.4,24.04,1,negative
208,35.36,1,negative
118.5,20.15,1,negative
153.2,26.04,1,negative
108.3,18.41,0,negative
168.6,28.66,2,negative
247.2,42.02,2,positive
224.2,38.11,3,negative
166.9,28.37,3,negative
118.4,20.13,1,negative
190.9,32.45,2,negative
317.8,54.03,1,positive
312,53.04,1,positive
146,24.82,1,negative
131.6,22.37,1,positive
193.4,32.88,2,negative
185.1,31.47,2,negative
193.3,32.86,0,negative
146.4,24.89,1,negative
71.2,12.1,0,negative
123.2,20.94,4,positive
205,34.85,2,negative
128.7,21.88,1,negative
216.9,36.87,3,negative
150,25.5,3,negative
164.1,27.9,1,negative
212,36.04,3,negative
167.3,28.44,2,negative
154.4,26.25,1,negative
177.3,30.14,3,negative
231.2,39.3,1,positive
202.9,34.49,5,negative
149.6,25.43,0,negative
345.3,58.7,1,positive
264.9,45.03,1,positive
122,20.74,1,negative
177.2,30.12,2,negative
133.1,22.63,1,negative
225.1,38.27,0,positive
208.4,35.43,1,negative
173.1,29.43,1,negative
162.4,27.61,2,positive
281.2,47.8,2,negative
208.3,35.41,3,negative
243.4,41.38,2,negative
224.2,38.11,1,positive
189.3,32.18,3,negative
168.3,28.61,4,negative
232.9,39.59,1,negative
155,26.35,1,negative
154.4,26.25,0,negative
234.7,39.9,2,negative
240,40.8,1,negative
298.4,50.73,0,positive
166,28.22,1,negative
111.6,18.97,0,negative
174.5,29.67,2,negative
175.5,29.84,1,negative
157.5,26.78,3,positive
206.2,35.05,1,negative
207.5,35.28,4,negative
144.8,24.62,4,negative
258.8,44,2,negative
226.9,38.57,0,positive
152.9,25.99,2,negative
156.7,26.64,2,negative
150.8,25.64,1,negative
221,37.57,4,negative
322.4,54.81,1,positive
153.6,26.11,2,negative
215.1,36.57,2,negative
174.4,29.65,1,negative
180.5,30.69,0,negative
123.1,20.93,2,negative
165.7,28.17,1,negative
200.2,34.03,2,negative
154.8,26.32,3,negative
125.4,21.32,2,negative
184.2,31.31,1,negative
274.7,46.7,3,negative
142,24.14,1,negative
151.5,25.76,1,negative
124.8,21.22,3,negative
179.2,30.46,0,negative
246.4,41.89,2,positive
232.7,39.56,5,negative
288,48.96,0,positive
170.8,29.04,1,negative
216.1,36.74,1,negative
138.7,23.58,2,negative
210.7,35.82,3,negative
181.8,30.91,0,negative
61.6,10.47,1,negative
207.7,35.31,1,negative
219.2,37.26,1,negative
227,38.59,2,negative
245.9,41.8,3,negative
257.3,43.74,0,negative
121.1,20.59,2,negative
301.5,51.26,4,positive
233.9,39.76,0,negative
99.6,16.93,2,positive
169.8,28.87,2,negative
198.8,33.8,1,positive
116.2,19.75,3,negative
255.9,43.5,1,positive
187.7,31.91,3,negative
195.9,33.3,0,negative
129.4,22,2,negative
221,37.57,2,negative
140.5,23.89,2,negative
277.9,47.24,0,positive
224.9,38.23,3,positive
109.1,18.55,0,negative
207.8,35.33,0,negative
205.9,35,0,negative
308.6,52.46,4,positive
242.6,41.24,2,negative
229.6,39.03,1,negative
166,28.22,2,negative
144.8,24.62,0,positive
106.1,18.04,0,negative
221.8,37.71,1,negative
204.6,34.78,2,negative
213.5,36.3,3,negative
152,25.84,2,negative
260.8,44.34,1,positive
166.4,28.29,1,negative
177.9,30.24,0,negative
235.1,39.97,3,negative
186.8,31.76,2,negative
268.4,45.63,1,negative
192.1,32.66,3,negative
240.7,40.92,0,positive
179.9,30.58,2,negative
314.1,53.4,3,positive
162,27.54,0,negative
175.8,29.89,1,negative
109.4,18.6,0,negative
255.1,43.37,3,positive
208.7,35.48,3,negative
214.6,36.48,1,negative
49.2,8.36,1,negative
141.3,24.02,2,negative
253.2,43.04,4,negative
206,35.02,0,negative
40.4,6.87,2,negative
291.2,49.5,1,positive
71.2,12.1,0,negative
261.8,44.51,0,positive
191.3,32.52,1,negative
133.3,22.66,0,negative
183.6,31.21,2,negative
155.2,26.38,1,negative
283.1,48.13,1,negative
186.5,31.71,2,negative
163.3,27.76,0,negative
203.4,34.58,1,negative
178.1,30.28,1,negative
195.9,33.3,1,negative
295.3,50.2,1,negative
136.1,23.14,2,negative
114.1,19.4,2,negative
279.1,47.45,2,positive
169.3,28.78,0,negative
214.4,36.45,2,negative
255.8,43.49,0,negative
148.2,25.19,2,negative
119.3,20.28,2,negative
192.3,32.69,1,negative
245.2,41.68,0,positive
216.2,36.75,5,positive
172.4,29.31,2,negative
175.3,29.8,1,negative
169,28.73,0,positive
2.6,0.44,3,negative
184.1,31.3,1,negative
181.9,30.92,1,negative
160.1,27.22,0,negative
189.8,32.27,0,negative
223.2,37.94,1,negative
216,36.72,2,negative
198.5,33.75,2,negative
159.5,27.12,1,negative
105,17.85,2,positive
204.5,34.77,3,negative
274,46.58,0,positive
158.7,26.98,2,negative
229.9,39.08,1,negative
137.8,23.43,1,negative
179.4,30.5,0,negative
139.3,23.68,3,negative
7.8,1.33,2,negative
183.1,31.13,1,negative
206.9,35.17,0,negative
140,23.8,2,negative
179.2,30.46,2,negative
177.4,30.16,0,negative
115.6,19.65,1,negative
237.3,40.34,0,positive
181.5,30.86,1,negative
51.5,8.76,3,negative
155.7,26.47,3,negative
245,41.65,2,negative
131.7,22.39,1,negative
111.1,18.89,1,negative
88.5,15.05,3,negative
116,19.72,1,negative
155.5,26.44,1,negative
106.5,18.11,2,negative
175.2,29.78,1,negative
154.7,26.3,4,positive
247.2,42.02,2,positive
218.4,37.13,0,positive
227.5,38.68,1,negative
185,31.45,0,negative
186.8,31.76,2,negative
158.8,27,1,negative
208.7,35.48,0,negative
185.9,31.6,3,negative
222.5,37.83,2,negative
201.1,34.19,3,negative
167.9,28.54,1,negative
239.1,40.65,3,positive
175.7,29.87,5,positive
111.2,18.9,6,positive
87.7,14.91,1,negative
244.1,41.5,0,negative
165,28.05,2,negative
127.4,21.66,0,negative
194.8,33.12,0,negative
54.7,9.3,1,negative
283.4,48.18,2,negative
258,43.86,0,positive
90.5,15.39,1,negative
235.6,40.05,0,negative
142.5,24.23,2,negative
54,9.18,1,negative
214.8,36.52,3,negative
251.4,42.74,0,positive
139,23.63,4,negative
117.3,19.94,2,negative
264,44.88,3,negative
82.6,14.04,1,negative
175.8,29.89,1,negative
220.4,37.47,2,negative
217,36.89,2,negative
129,21.93,1,negative
150.5,25.59,1,negative
193.3,32.86,0,negative
189.5,32.22,2,negative
137.8,23.43,2,negative
129.3,21.98,3,negative
115.6,19.65,1,negative
221.9,37.72,2,negative
263.7,44.83,1,positive
61.3,10.42,1,negative
183.8,31.25,1,negative
167.4,28.46,0,positive
154.1,26.2,4,negative
252,42.84,0,negative
163.1,27.73,0,negative
198.3,33.71,2,negative
324.7,55.2,0,positive
128.3,21.81,2,negative
187.9,31.94,2,negative
129.2,21.96,5,positive
125.5,21.34,4,positive
257.2,43.72,1,negative
124.6,21.18,1,negative
175.1,29.77,1,negative
124.3,21.13,3,negative
271.6,46.17,2,negative
219.9,37.38,1,negative
183.3,31.16,3,negative
101.1,17.19,2,negative
203.3,34.56,1,negative
175.4,29.82,2,negative
266,45.22,2,positive
171.6,29.17,0,negative
78.7,13.38,0,negative
211.9,36.02,0,negative
63.7,10.83,1,negative
173.4,29.48,1,negative
237.7,40.41,0,negative
225.9,38.4,1,negative
173,29.41,0,negative
224.9,38.23,0,negative
237.7,40.41,1,negative
137,23.29,2,negative
142.5,24.23,2,negative
142.4,24.21,1,negative
147,24.99,2,negative
220.3,37.45,1,negative
149.2,25.36,1,negative
204.4,34.75,0,negative
216.8,36.86,1,negative
308,52.36,1,negative
58,9.86,0,negative
173.2,29.44,2,negative
210.3,35.75,4,negative
58.9,10.01,0,negative
236.8,40.26,3,negative
228.9,38.91,0,negative
90,15.3,2,positive
146.7,24.94,2,negative
237.3,40.34,1,negative
162.8,27.68,0,positive
186.9,31.77,1,negative
86.1,14.64,2,negative
212.3,36.09,2,negative
151,25.67,2,negative
158.6,26.96,2,negative
296,50.32,0,positive
212.3,36.09,3,negative
234.4,39.85,3,negative
176.8,30.06,2,negative
157.3,26.74,0,negative
146.6,24.92,1,negative
260.5,44.29,1,negative
146.1,24.84,1,negative
124.5,21.17,2,positive
209.4,35.6,1,negative
285.7,48.57,1,positive
190.9,32.45,1,negative
144.4,24.55,1,negative
208.8,35.5,2,negative
77.6,13.19,1,negative
271.1,46.09,1,positive
240.8,40.94,0,negative
114.8,19.52,0,negative
138.8,23.6,1,negative
209.8,35.67,0,negative
134.9,22.93,3,negative
164,27.88,0,negative
245.5,41.74,1,negative
80.3,13.65,0,negative
90.7,15.42,2,negative
190.3,32.35,1,negative
108.6,18.46,1,positive
89.8,15.27,4,positive
252.4,42.91,2,negative
183.4,31.18,5,negative
183.4,31.18,2,negative
155.2,26.38,3,negative
165.8,28.19,1,negative
209.4,35.6,0,negative
279.3,47.48,2,positive
174.1,29.6,2,negative
175.7,29.87,2,negative
256.5,43.61,1,negative
170.2,28.93,0,negative
139.6,23.73,1,negative
208.8,35.5,4,negative
210.1,35.72,4,negative
113.6,19.31,2,negative
202.6,34.44,0,negative
174.4,29.65,4,negative
210.6,35.8,0,negative
121.5,20.66,1,negative
127.8,21.73,2,negative
135.2,22.98,2,negative
99.4,16.9,2,negative
276.9,47.07,1,positive
163.4,27.78,2,positive
287.4,48.86,4,positive
120.5,20.49,1,negative
184.1,31.3,2,negative
185,31.45,3,negative
160.9,27.35,1,negative
207.6,35.29,2,negative
209.2,35.56,1,negative
158.4,26.93,1,negative
149,25.33,2,positive
204.5,34.77,0,negative
288.8,49.1,0,positive
108.6,18.46,0,negative
97.5,16.58,1,negative
166.5,28.31,0,negative
156.2,26.55,1,negative
225.2,38.28,4,negative
287.4,48.86,1,positive
175.3,29.8,0,negative
102.1,17.36,0,negative
157.9,26.84,0,negative
146.5,24.91,1,negative
245.8,41.79,1,positive
177.7,30.21,1,negative
250.8,42.64,2,negative
117.8,20.03,0,positive
119.7,20.35,2,negative
242.2,41.17,5,positive
163.4,27.78,7,negative
161,27.37,3,negative
128.7,21.88,1,negative
81.6,13.87,1,negative
207.7,35.31,1,negative
128.6,21.86,6,positive
233.3,39.66,1,negative
182.1,30.96,5,positive
168,28.56,6,positive
251.6,42.77,1,negative
183.8,31.25,0,negative
256.4,43.59,3,positive
180.2,30.63,1,negative
227.8,38.73,1,negative
147.8,25.13,0,negative
234.9,39.93,1,positive
110.9,18.85,2,negative
124.5,21.17,1,negative
233.5,39.7,0,positive
197.3,33.54,2,positive
58.2,9.89,0,negative
212.7,36.16,1,negative
151.5,25.76,0,negative
146.3,24.87,1,negative
195.1,33.17,0,negative
208.9,35.51,1,negative
135.7,23.07,7,positive
225.9,38.4,3,positive
122.2,20.77,1,negative
153.3,26.06,2,negative
214,36.38,1,negative
194.8,33.12,1,negative
206.7,35.14,3,negative
188,31.96,2,negative
122.3,20.79,3,positive
259.3,44.08,3,negative
115.1,19.57,2,positive
172.9,29.39,1,negative
156.4,26.59,1,negative
128.1,21.78,1,negative
196.6,33.42,1,negative
227.9,38.74,1,positive
194.9,33.13,2,negative
44.9,7.63,1,negative
262.8,44.68,0,negative
211.2,35.9,0,negative
204,34.68,1,negative
223.2,37.94,3,negative
119,20.23,1,negative
266.1,45.24,3,positive
134.4,22.85,1,negative
171.1,29.09,1,negative
170.5,28.99,2,negative
178.5,30.35,1,negative
205.2,34.88,3,negative
232.8,39.58,0,negative
239.9,40.78,5,negative
55.6,9.45,2,negative
153.5,26.1,1,negative
109.8,18.67,1,negative
196.1,33.34,2,negative
166.8,28.36,0,negative
113.2,19.24,2,negative
203,34.51,1,negative
242.8,41.28,5,negative
156.5,26.61,2,negative
266.7,45.34,3,positive
182,30.94,1,negative
85.9,14.6,0,negative
146.6,24.92,0,negative
110.5,18.79,4,positive
118.6,20.16,1,negative
197.6,33.59,2,negative
210.3,35.75,6,negative
220.3,37.45,4,negative
150,25.5,1,negative
161.7,27.49,0,negative
191.4,32.54,3,negative
146.7,24.94,3,negative
109.4,18.6,1,negative
144.1,24.5,1,negative
248.9,42.31,1,negative
85.7,14.57,4,positive
214.8,36.52,3,negative
158.9,27.01,0,negative
110,18.7,2,negative
152.8,25.98,1,negative
145.6,24.75,0,negative
93.3,15.86,0,negative
216.8,36.86,0,negative
201.9,34.32,1,negative
146.4,24.89,1,negative
272.7,46.36,2,positive
18.9,3.21,1,negative
172.8,29.38,2,negative
190.2,32.33,0,negative
130.6,22.2,3,negative
158.4,26.93,4,positive
166.5,28.31,1,negative
129.3,21.98,2,negative
199.3,33.88,0,negative
185.1,31.47,0,negative
175.4,29.82,2,negative
263.4,44.78,2,negative
94.2,16.01,1,negative
189.4,32.2,3,negative
118,20.06,2,negative
212.1,36.06,3,negative
222,37.74,2,negative
222.8,37.88,0,negative
190,32.3,1,negative
271.8,46.21,4,positive
195.4,33.22,3,negative
199.6,33.93,3,negative
100,17,0,negative
160.6,27.3,2,negative
158.7,26.98,1,negative
154.5,26.27,3,positive
192.3,32.69,1,negative
305.1,51.87,0,positive
193,32.81,2,negative
72.5,12.33,1,negative
105.2,17.88,2,negative
180.5,30.69,2,negative
214.7,36.5,0,negative
86.8,14.76,1,negative
131.5,22.36,5,positive
135.4,23.02,0,negative
174.3,29.63,6,negative
203.9,34.66,3,negative
235.5,40.04,0,negative
157,26.69,2,negative
111.9,19.02,3,negative
236.3,40.17,3,negative
163.6,27.81,0,negative
213.6,36.31,1,negative
143.4,24.38,3,negative
78.3,13.31,1,negative
97.1,16.51,1,negative
94.1,16,0,negative
226.3,38.47,2,positive
133.8,22.75,1,negative
190.3,32.35,1,negative
294.9,50.13,3,negative
185.4,31.52,2,negative
179.5,30.52,0,negative
158,26.86,0,negative
173,29.41,0,negative
134.2,22.81,1,negative
125.2,21.28,3,negative
195.9,33.3,2,negative
214.2,36.41,0,negative
221.1,37.59,0,negative
132,22.44,1,negative
157.6,26.79,1,negative
110.3,18.75,2,negative
161.5,27.46,0,negative
171.8,29.21,1,negative
211,35.87,1,negative
139.3,23.68,7,positive
291.6,49.57,2,positive
139,23.63,0,negative
234.8,39.92,4,negative
187.6,31.89,1,negative
159.8,27.17,2,negative
177.1,30.11,1,negative
117.9,20.04,0,negative
247.6,42.09,2,negative
169.9,28.88,1,negative
185,31.45,3,negative
204.9,34.83,0,negative
225.5,38.34,3,negative
169.7,28.85,4,positive
239.3,40.68,0,negative
113.3,19.26,4,positive
161.9,27.52,3,negative
133.3,22.66,2,negative
170.7,29.02,3,negative
189.7,32.25,5,negative
322.3,54.79,2,positive
124.4,21.15,2,negative
146.9,24.97,3,negative
192.6,32.74,1,negative
96.3,16.37,1,negative
131.9,22.42,3,negative
147.2,25.02,2,negative
143.1,24.33,2,negative
280.4,47.67,5,negative
237.2,40.32,1,negative
184.2,31.31,2,negative
109.1,18.55,3,negative
138.1,23.48,5,positive
186.8,31.76,3,negative
155.4,26.42,1,negative
245.3,41.7,4,negative
205.9,35,0,positive
207.2,35.22,1,negative
151.5,25.76,2,negative
221.9,37.72,0,positive
190,32.3,1,negative
220.8,37.54,2,negative
173.7,29.53,2,negative
114.8,19.52,2,negative
113.8,19.35,3,negative
143.2,24.34,4,positive
184.4,31.35,3,negative
227.4,38.66,1,negative
224,38.08,0,negative
216.2,36.75,2,negative
129.9,22.08,0,negative
230.1,39.12,2,negative
204.4,34.75,1,negative
216.6,36.82,1,negative
247.5,42.08,2,positive
228.1,38.78,1,negative
225.9,38.4,1,positive
103.5,17.6,4,positive
115.5,19.64,0,negative
218.8,37.2,1,negative
223.8,38.05,3,negative
143.8,24.45,3,negative
29.9,5.08,2,negative
276.7,47.04,0,negative
141.4,24.04,0,negative
153.9,26.16,1,negative
190.5,32.39,0,negative
192.6,32.74,1,negative
151.8,25.81,1,negative
215.6,36.65,5,negative
180,30.6,3,negative
157.3,26.74,2,negative
196.5,33.41,0,negative
240.3,40.85,0,negative
193.3,32.86,3,negative
211.9,36.02,1,negative
218.7,37.18,1,negative
246.8,41.96,0,positive
174.7,29.7,6,positive
240,40.8,0,positive
181.2,30.8,2,negative
113.7,19.33,1,negative
174.7,29.7,0,negative
211.1,35.89,2,negative
169.3,28.78,1,negative
247.4,42.06,0,negative
131.2,22.3,2,negative
161.4,27.44,1,negative
107.2,18.22,1,negative
211.9,36.02,1,negative
160.4,27.27,3,negative
230.7,39.22,1,negative
232.6,39.54,1,negative
294.7,50.1,1,positive
133.4,22.68,1,negative
306.2,52.05,0,negative
236.8,40.26,2,negative
125.7,21.37,3,positive
168.4,28.63,1,negative
70.9,12.05,2,negative
105,17.85,0,negative
152.1,25.86,1,negative
180.9,30.75,3,negative
156.6,26.62,1,negative
180.5,30.69,0,negative
238.8,40.6,1,negative
182.1,30.96,2,negative
139.6,23.73,2,negative
200.3,34.05,0,negative
153.5,26.1,1,negative
128.2,21.79,3,negative
159.5,27.12,2,negative
226.4,38.49,3,positive
251.9,42.82,2,negative
264.5,44.97,2,positive
153.7,26.13,0,negative
232.1,39.46,5,negative
201.9,34.32,1,negative
186.9,31.77,1,negative
196.6,33.42,1,negative
232.1,39.46,1,negative
166,28.22,0,negative
200.6,34.1,1,negative
141,23.97,3,negative
245,41.65,0,negative
140.8,23.94,1,negative
255.1,43.37,3,positive
125,21.25,2,negative
180.6,30.7,1,negative
248.7,42.28,1,positive
178.1,30.28,0,negative
122.2,20.77,5,positive
231.3,39.32,1,negative
111.2,18.9,3,negative
103.2,17.54,0,positive
138.4,23.53,4,positive
146.3,24.87,0,negative
206.3,35.07,0,negative
132,22.44,0,negative
274.6,46.68,2,negative
185.3,31.5,0,negative
154.8,26.32,1,negative
179.2,30.46,1,negative
286.2,48.65,2,positive
268,45.56,3,negative
137.5,23.38,2,negative
243,41.31,2,negative
134.9,22.93,1,negative
234.2,39.81,1,negative
175.1,29.77,1,negative
142.2,24.17,1,negative
132.4,22.51,2,negative
97.8,16.63,0,negative
266.9,45.37,3,positive
155.2,26.38,3,negative
200.2,34.03,1,negative
289.1,49.15,2,positive
198.4,33.73,1,negative
180.3,30.65,2,negative
86.3,14.67,2,negative
295,50.15,2,positive
240.9,40.95,3,negative
207.7,35.31,1,negative
128.5,21.85,1,negative
224.4,38.15,1,negative
164.9,28.03,2,negative
238,40.46,2,negative
231,39.27,2,negative
107.3,18.24,4,positive
185,31.45,1,negative
244.1,41.5,3,negative
238.4,40.53,3,negative
141.1,23.99,1,negative
158.1,26.88,0,negative
220.1,37.42,0,negative
199.5,33.92,4,positive
109.5,18.62,1,negative
187.2,31.82,1,negative
107.9,18.34,0,negative
172.1,29.26,1,positive
203.8,34.65,1,negative
160,27.2,0,negative
51.1,8.69,1,negative
227.7,38.71,1,negative
203.8,34.65,1,negative
241.7,41.09,1,negative
78.1,13.28,1,negative
187.8,31.93,2,negative
127.1,21.61,1,negative
280,47.6,0,positive
153.2,26.04,1,negative
137.1,23.31,2,negative
186.1,31.64,4,positive
224.1,38.1,2,negative
83.6,14.21,1,negative
203.9,34.66,4,negative
211.3,35.92,1,negative
219.4,37.3,4,negative
190.4,32.37,2,negative
147.7,25.11,2,negative
229.9,39.08,2,negative
102.8,17.48,1,negative
178.7,30.38,1,negative
148.5,25.25,0,negative
164.1,27.9,0,negative
197.2,33.52,1,negative
124.9,21.23,2,negative
115.4,19.62,3,negative
140,23.8,4,positive
193.9,32.96,3,negative
321.1,54.59,4,positive
118.4,20.13,5,positive
169.8,28.87,1,negative
193.4,32.88,2,negative
106.6,18.12,1,negative
134.7,22.9,2,negative
156.2,26.55,2,negative
231.1,39.29,3,negative
180.8,30.74,2,negative
213.8,36.35,2,negative
234.4,39.85,0,negative
